category,characteristic
Машины брошюровочные и переплетные,Цвет: серый
Машины брошюровочные и переплетные,Цвет: серебристый
Машины брошюровочные и переплетные,Материал: металл
Машины брошюровочные и переплетные,Длина: 370
Машины брошюровочные и переплетные,Ширина: 260
Машины брошюровочные и переплетные,Высота: 235
Машины брошюровочные и переплетные,Страна: китай
Микрофоны музыкальные,Материал корпуса: пластик
Микрофоны музыкальные,Материал корпуса: металл
Микрофоны музыкальные,Цвет: черный
Микрофоны музыкальные,Импеданс: 200
Микрофоны музыкальные,Высота: 120
Микрофоны музыкальные,Сопротивление: 200
Микрофоны музыкальные,Ширина: 10
Микрофоны музыкальные,Цвет: бежевый
Материалы для лепки и скульптуры...,Материал: для лепки
Материалы для лепки и скульптуры...,Цвет: после
Материалы для лепки и скульптуры...,Цвет: белый
Материалы для лепки и скульптуры...,Страна: россия
Материалы для лепки и скульптуры...,Цвет: бесцветный
Usb-накопители твердотельные (флеш-драйвы),Цвет: черный
Usb-накопители твердотельные (флеш-драйвы),Материал корпуса: пластик
Usb-накопители твердотельные (флеш-драйвы),Цвет: синий
Usb-накопители твердотельные (флеш-драйвы),Цвет: розовый
Usb-накопители твердотельные (флеш-драйвы),Цвет: серебристый
Usb-накопители твердотельные (флеш-драйвы),Высота: 24
Usb-накопители твердотельные (флеш-драйвы),Ширина: 19
Usb-накопители твердотельные (флеш-драйвы),Длина: 82
Usb-накопители твердотельные (флеш-драйвы),Материал корпуса: металл
Usb-накопители твердотельные (флеш-драйвы),Объем: 32
Usb-накопители твердотельные (флеш-драйвы),Цвет: голубой
Микрофоны компьютерные,Сопротивление: 200
Микрофоны компьютерные,Цвет: черный
Микрофоны компьютерные,Длина кабеля: 200
Микрофоны компьютерные,Ширина: 97
Микрофоны компьютерные,Материал корпуса: пластик
Медиаплееры,Цвет: черный
Медиаплееры,Материал: изделия:пластик
Медиаплееры,Сопротивление: 200
Медиаплееры,Сопротивление: 110
Пружины для переплета металлические,Материал: металл
Пружины для переплета металлические,Количество в упаковке: 100
Пружины для переплета металлические,Цвет: белый
Пружины для переплета металлические,Цвет: серебряный
Пружины для переплета металлические,Материал: крашеная сталь
Пружины для переплета металлические,Цвет: бронза
Пружины для переплета металлические,Длина: 297
Пружины для переплета металлические,Количество листов: 90
Пружины для переплета металлические,Цвет: серый
Пружины для переплета пластиковые,Количество в упаковке: 100
Пружины для переплета пластиковые,Цвет: внешней
Пружины для переплета пластиковые,Материал: пластик
Пружины для переплета пластиковые,Количество в упаковке: 50
Пружины для переплета пластиковые,Цвет: белый
Пружины для переплета пластиковые,Цвет: черный
Пружины для переплета пластиковые,Количество в упаковке: 25
Пружины для переплета пластиковые,Длина: 210
Пружины для переплета пластиковые,Количество листов: 65
Пружины для переплета пластиковые,Количество листов: 46
Пружины для переплета пластиковые,Количество листов: 40
Пружины для переплета пластиковые,Количество листов: 56
Разделители листов картонные,Материал: картон
Разделители листов картонные,Цвет: белый
Разделители листов картонные,Цвет: разноцветный
Разделители листов картонные,Ширина: 120
Разделители листов картонные,Цвет: голубой
Разделители листов картонные,Цвет: с рисунком
Разделители листов картонные,Материал: изготовления:картон/винил
Аксессуары для мобильных устройств,Материал корпуса: пластик
Аксессуары для мобильных устройств,Материал корпуса: металл
Аксессуары для мобильных устройств,Цвет: черный
Аксессуары для мобильных устройств,Ширина: 65
Аксессуары для мобильных устройств,Цвет: серебристый
Аксессуары для мобильных устройств,Цвет: графит
Аксессуары для мобильных устройств,Цвет: синий
Аксессуары для мобильных устройств,Материал: полиуретан
Аксессуары для мобильных устройств,Высота: 140
Аксессуары для мобильных устройств,Цвет: прозрачный
Аксессуары для мобильных устройств,Диагональ: 11
Аксессуары для мобильных устройств,Цвет: pink
Альбомы для фотографий,Количество страниц: 50
Альбомы для фотографий,Цвет: голубой
Альбомы для фотографий,Количество страниц: 100
Альбомы для фотографий,Количество страниц: 20
Альбомы для фотографий,Материал: картон
Альбомы для фотографий,Цвет: бордо
Альбомы для фотографий,Количество страниц: 120
Мышь компьютерная,Разрешение: 1000
Мышь компьютерная,Цвет: черный
Мышь компьютерная,Страна: китай
Мышь компьютерная,Разрешение: 1200
Мышь компьютерная,Разрешение: 1600
Мышь компьютерная,Длина: 150
Мышь компьютерная,Ширина: 220
Мышь компьютерная,Цвет: серый
Наушники,Цвет: черный
Наушники,Материал корпуса: пластик
Наушники,Сопротивление: 32
Наушники,Цвет: серый
Наушники,Страна: китай
Наушники,Материал: амбушюров:1
Наушники,Цвет: голубой
Бейджи,Материал бейджа: пластик
Бейджи,Цвет: прозрачный
Бейджи,Цвет: синий
Бейджи,Цвет: бейджа:прозрачный
Бейджи,Количество в упаковке: 10
Бейджи,Цвет: зеленый
Бейджи,Материал бейджа: атласная ткань
Бейджи,Цвет: тесьмы:тесьма
Бейджи,Ширина: 55
Бейджи,Цвет: голубой
Бейджи,Цвет: триколор
Бейджи,Цвет: серый
Бирки,Материал: пластик
Бирки,Ширина: 22
Бирки,Цвет: красный
Бирки,Цвет: зеленый
Бирки,Цвет: черный
Бирки,Цвет: синий
Бирки,Длина: 53
Бирки,Длина: 50
Обложки для переплета пластиковые,Цвет: обложки:прозрачный
Обложки для переплета пластиковые,Цвет: обложки:бесцветный
Обложки для переплета пластиковые,Цвет: внешней
Обложки для переплета пластиковые,Материал: пластик
Обложки для переплета пластиковые,Цвет: корешка:темно-синий
Обложки для переплета пластиковые,Цвет: обложки:синий
Блоки бумажные для записей,Цвет: желтый
Блоки бумажные для записей,Цвет: розовый
Блоки бумажные для записей,Материал: бумага
Блоки бумажные для записей,Цвет: голубой
Блоки бумажные для записей,Цвет: стикеров:желтый
Блоки бумажные для записей,Цвет: зеленый
Блоки бумажные для записей,Количество листов: 100
Блоки бумажные для записей,Цвет: бумаги:белый
Блоки бумажные для записей,Цвет: стикеров:5 цветов
Блоки бумажные для записей,Цвет: бокса:прозрачный
Блоки бумажные для записей,Цвет: салатовый
Блоки бумажные для записей,Цвет: синий
Блоки питания для компьютерной техники встраиваемые,Ширина: 150
Блоки питания для компьютерной техники встраиваемые,Цвет: черный
Блоки питания для компьютерной техники встраиваемые,Высота: 86
Блоки питания для компьютерной техники встраиваемые,Длина: 140
Блоки питания для компьютерной техники встраиваемые,Cpu: 8-pin
Блоки питания для компьютерной техники встраиваемые,Cpu: 1x 4+4
Блоки питания для компьютерной техники встраиваемые,Страна: китай
Блоки питания для компьютерной техники встраиваемые,Цвет: серебристый
Блоки питания для компьютерной техники встраиваемые,Материал корпуса: пластик
Аппараты контрольно-кассовые,Цвет: черный
Аппараты контрольно-кассовые,Цвет: белый
Аппараты контрольно-кассовые,Модель  аппарата: ql570/710w/720nw/800/810w
Аппараты контрольно-кассовые,Модель  аппарата: rhino
Аппараты контрольно-кассовые,Материал ленты: бумага
Аппараты контрольно-кассовые,Материал ленты: нейлон
Аппараты контрольно-кассовые,Материал ленты: винил
Аппараты контрольно-кассовые,Материал ленты: бумажно-пленочная
Аппараты контрольно-кассовые,Материал: термальный картон
Рамки металлические,Цвет: багета:серебро
Рамки металлические,Цвет: багета:черный
Рамки металлические,Материал: металл
Рамки металлические,Материал вставки: пластик
Рамки металлические,Материал задника: оргалит
Рамки металлические,Цвет: матовое серебро
Рамки металлические,Ширина: 240
Рамки металлические,Материал: задней
Рамки металлические,Материал рамки: алюминий
Рамки металлические,Длина: 400
Рамки металлические,Материал багета: алюминий
Рамки пластиковые,Материал багета: пластик
Рамки пластиковые,Материал вставки: пластик
Рамки пластиковые,Материал задника: оргалит
Рамки пластиковые,Цвет: серебро
Рамки пластиковые,Материал вставки: стекло
Рамки пластиковые,Цвет: коричневый
Рамки пластиковые,Цвет: бронза
Рамки пластиковые,Цвет: зеленый
Рамки пластиковые,Цвет: синий
Рамки пластиковые,Цвет: светлое дерево
Рамки пластиковые,Цвет: голубой
Рамки пластиковые,Цвет: бордовый
Бумага для флипчартов,Цвет: блока:белый
Бумага для флипчартов,Цвет: белый
Бумага для флипчартов,Количество листов: 20
Бумага для флипчартов,Цвет: внутренного
Бумага цветная для творчества,Материал: бумага
Бумага цветная для творчества,Количество листов: 16
Бумага цветная для творчества,Длина: 270
Бумага цветная для творчества,Ширина: 21
Бумага цветная для творчества,Материал: картон
Бумага цветная для творчества,Количество в упаковке: 10
Бумага цветная для творчества,Цвет: ассорти
Бумага цветная для творчества,Цвет: сиреневый
Бумага цветная для творчества,Цвет: белый
Бумага цветная для творчества,Цвет: оливковый
Бумага цветная для творчества,Цвет: апельсиновый
Бумага цветная для творчества,Цвет: оранжево-желтый
Вентиляторы охлаждения корпусные,Материал: радиатора:алюминий
Вентиляторы охлаждения корпусные,Материал: радиатора:алюминий+медь
Вентиляторы охлаждения корпусные,Материал: радиатора:без радиатора
Вентиляторы охлаждения корпусные,Материал: радиатора:алюминий + медь
Вентиляторы охлаждения корпусные,Цвет: черный
Расшиватели документов,Цвет: черный
Расшиватели документов,Материал: механизма:металл
Расшиватели документов,Цвет: красный
Расшиватели документов,Материал корпуса: пластик
Расшиватели документов,Цвет: синий
Расшиватели документов,Материал корпуса: металл/пластик
Резинки бухгалтерские,Цвет: разноцветные
Резинки бухгалтерские,Количество в упаковке: 160
Резинки бухгалтерские,Цвет: разноцветный
Резинки бухгалтерские,Материал: каучук
Резинки бухгалтерские,Цвет: зеленый
Резинки бухгалтерские,Цвет: красный
Резинки бухгалтерские,Количество в упаковке: 25
Резинки бухгалтерские,Количество в упаковке: 1800
Монитор,Тип матрицы: tft
Монитор,Тип матрицы: ips
Монитор,Цвет: черный
Монитор,Тип матрицы: va
Монитор,Тип матрицы: tn
Монитор,Страна: китай
Монитор,Тип матрицы: led
Монитор,Материал корпуса: пластик
Монитор,Тип матрицы: tn+film
Монитор,Тип матрицы: mva
Монитор,Диагональ: 23
Монитор,Цвет: чёрный
Многофункциональное устройство (МФУ),Цвет: белый
Многофункциональное устройство (МФУ),Тип печати: цветная
Многофункциональное устройство (МФУ),Тип печати: цветной
Многофункциональное устройство (МФУ),Цвет: серый
Многофункциональное устройство (МФУ),Тип печати: черно-белая
Многофункциональное устройство (МФУ),Ширина: 607
Многофункциональное устройство (МФУ),Тип печати: цветная лазерная
Бейджи...,Длина: 85
Бейджи...,Ширина: 55
Бейджи...,Цвет: крепления:черный
Бейджи...,Материал бейджа: полиэстер
Бейджи...,Материал: нити:полиэфир
Бейджи...,Цвет: белый
Бейджи...,Ширина: 87
Бейджи...,Цвет: прозрачный
Проекторы,Цвет: белый
Проекторы,Разрешение: 1920x1080
Проекторы,Цвет: черный
Проекторы,Разрешение: 1280
Проекторы,Разрешение: 1920
Проекторы,Разрешение: 800
Проекторы,Ширина: 316
Проекторы,Разрешение: 1280x800
Видеокарты,Разрешение: 7680x4320
Видеокарты,Длина: 170
Видеокарты,Длина: 204
Видеокарты,Разрешение: 4096x2160
Этикетки самоклеящиеся,Цвет: этикетки:белый
Этикетки самоклеящиеся,Ширина: 58
Этикетки самоклеящиеся,Цвет: белый
Этикетки самоклеящиеся,Материал: этикетки:термобумага
Этикетки самоклеящиеся,Тип печати: термопечать
Этикетки самоклеящиеся,Цвет: этикетки:белая
Этикетки самоклеящиеся,Высота: 500
Этикетки самоклеящиеся,Количество в упаковке: 1000
Этикетки самоклеящиеся,Страна: россия
Этикетки самоклеящиеся,Материал: этикетки:бумага матовая
Этикетки самоклеящиеся,Цвет: этикетки:4+0
Этикетки самоклеящиеся,Материал: пленка пвх самоклеящаяся
Светодиоды,Цвет: свечения:зеленый
Светодиоды,Цвет: свечения:красный
Светодиоды,Цвет: свечения:желтый
Светодиоды,Цвет: линзы:желтый матовый
Светодиоды,Цвет: свечения:белый
Губки для маркерных досок,Длина: 160
Губки для маркерных досок,Ширина: 55
Губки для маркерных досок,Материал: этиленвинилацетат/фетр
Губки для маркерных досок,Цвет: серый
Губки для маркерных досок,Материал: дерево
Губки для маркерных досок,Цвет: бежевый
Губки для маркерных досок,Высота: 45
Доски комбинированные магнитно-пробковые,Цвет: доски:белая
Доски комбинированные магнитно-пробковые,Ширина: 120
Доски комбинированные магнитно-пробковые,Цвет: доски:зеленая
Доски комбинированные магнитно-пробковые,Материал рамы: алюминий
Доски комбинированные магнитно-пробковые,Ширина: 150
Доски комбинированные магнитно-пробковые,Цвет: доски:белый
Доски комбинированные магнитно-пробковые,Материал рамы: стальная
Доски комбинированные магнитно-пробковые,Цвет: доски:натуральная пробка
Закладки самоклеящиеся бумажные,Цвет: разноцветные
Закладки самоклеящиеся бумажные,Материал: плотная бумага 130гр/м2
Закладки самоклеящиеся бумажные,Ширина: 76
Закладки самоклеящиеся бумажные,Ширина: 95
Закладки самоклеящиеся бумажные,Ширина: 75
Закладки самоклеящиеся пластиковые,Ширина: 12
Закладки самоклеящиеся пластиковые,Материал: закладки:пластик
Закладки самоклеящиеся пластиковые,Материал: пластик
Закладки самоклеящиеся пластиковые,Ширина: 25
Закладки самоклеящиеся пластиковые,Цвет: розовый
Закладки самоклеящиеся пластиковые,Длина: 50
Закладки самоклеящиеся пластиковые,Ширина: 14
Закладки самоклеящиеся пластиковые,Цвет: неон
Закладки самоклеящиеся пластиковые,Цвет: зеленый
Закладки самоклеящиеся пластиковые,Длина: 45
Бумага художественная,Цвет: блока:белый
Бумага художественная,Цвет: бумаги:белый
Бумага художественная,Количество листов: 20
Бумага художественная,Цвет: белый
Бумага художественная,Ширина: 148
Бумага художественная,Ширина: 210
Кабели волоконно-оптические,Тип материала: защитной
Кабели волоконно-оптические,Длина: 1000
Кабели волоконно-оптические,Цвет: черный
Кабели волоконно-оптические,Цвет: жемчужно-сиреневый
Кабели волоконно-оптические,Цвет: аква
Календари настольные,Материал: блока:мелованная бумага
Календари настольные,Количество листов: 160
Календари настольные,Материал: блока:офсетная бумага
Календари настольные,Длина: 70
Календари настольные,Ширина: 42
Календари настольные,Цвет: печати:4+0
Календари настольные,Материал: атлас
Календари настольные,Ширина: 12
Календари настольные,Материал: винил
Калькуляторы,Цвет: черный
Калькуляторы,Цвет: зеленый
Калькуляторы,Ширина: 155
Калькуляторы,Цвет: фиолетовый
Калькуляторы,Высота: 31
Калькуляторы,Материал: кнопок:пластик
Калькуляторы,Длина: 206
Калькуляторы,Цвет: розовый
Калькуляторы,Цвет: синий
Калькуляторы,Материал: пластик
Ролики,Материал: термобумага
Ролики,Цвет: белый
Ролики,Ширина: 80
Ролики,Цвет: печати:черный
Ролики,Цвет: печати::черный
Ролики,Ширина: 57
Ролики,Цвет: печати:чёрный
Ролики,Материал ленты: термобумага
Ролики,Количество в упаковке: 12
Калькуляторы....,Цвет: черный
Калькуляторы....,Цвет: синий
Калькуляторы....,Цвет: белый
Калькуляторы....,Цвет: розовый
Калькуляторы....,Цвет: салатовый
Калькуляторы....,Цвет: зеленый
Калькуляторы....,Цвет: оранжевый
Калькуляторы....,Цвет: фиолетовый
Карты микропроцессорные,Материал: пластик
Карты микропроцессорные,Цвет: белый
Карты микропроцессорные,Ширина: 54
Карты микропроцессорные,Материал: пвх
Карты микропроцессорные,Длина: 86
Карты микропроцессорные,Высота: 54
Карты микропроцессорные,Страна: россия
Зажимы для бумаг,Цвет: черный
Зажимы для бумаг,Материал корпуса: металл
Зажимы для бумаг,Материал: металл
Зажимы для бумаг,Цвет: разноцветный
Зажимы для бумаг,Цвет: розовый/голубой/желтый/синий
Зажимы для бумаг,Цвет: цветные
Зажимы для бумаг,Ширина: 19
Зажимы для бумаг,Цвет: в ассортименте
Зажимы для бумаг,Цвет: ассорти
Визитницы пластиковые,Материал: обложки:натуральная кожа
Визитницы пластиковые,Материал: обложки:пвх
Визитницы пластиковые,Цвет: бежевый
Визитницы пластиковые,Материал: обложки:пластик
Пленка для печати на офисной технике,Цвет: поверхности для
Пленка для печати на офисной технике,Количество в упаковке: 100
Пленка для печати на офисной технике,Количество в упаковке: 50
Пленка для печати на офисной технике,Цвет: клеевой
Пленка для печати на офисной технике,Количество в упаковке: 25
Пленка для печати на офисной технике,Количество в упаковке: 10
Пленка для печати на офисной технике,Ширина: 914
Источники бесперебойного питания,Цвет: черный
Источники бесперебойного питания,Страна: китай
Источники бесперебойного питания,Ширина: 440
Источники бесперебойного питания,Высота: 19
Источники бесперебойного питания,Материал: металл
Источники бесперебойного питания,Цвет: серебристый
Источники бесперебойного питания,Материал корпуса: металл
Источники бесперебойного питания,Цвет: серый
Источники бесперебойного питания,Материал корпуса: пластик
Модули оперативной памяти,Объем: 16
Модули оперативной памяти,Длина: 17
Модули оперативной памяти,Объем: 32
Модули оперативной памяти,Объем: 64
Дыроколы фигурные,Цвет: фиолетовый
Дыроколы фигурные,Цвет: красный
Дыроколы фигурные,Цвет: желтый
Дыроколы фигурные,Цвет: сиреневый
Дыроколы фигурные,Цвет: голубой
Лотки,Цвет: черный
Лотки,Материал: пластик
Лотки,Цвет: синий
Лотки,Цвет: серый
Лотки,Высота: 60
Лотки,Цвет: зеленый
Лотки,Цвет: прозрачный
Лотки,Цвет: голубой
Лотки,Ширина: 75
Лотки,Цвет: розовый
Лотки,Длина: 340
Лотки,Материал: лотка:пластик
Устройства обработки звука,Цвет: черный
Устройства обработки звука,Цвет: кабеля:черный
Устройства обработки звука,Цвет: серебристый
Устройства обработки звука,Сопротивление: 250
Устройства обработки звука,Длина: 10
Устройства офисные для уничтожения документов,Цвет: серый
Устройства офисные для уничтожения документов,Цвет: белый
Устройства офисные для уничтожения документов,Ширина: 350
Устройства офисные для уничтожения документов,Цвет: черный
Устройства офисные для уничтожения документов,Ширина: 220
Устройства офисные для уничтожения документов,Материал корпуса: пластик
Устройства офисные для уничтожения документов,Ширина: 364
Шкафы монтажные,Цвет: серый
Шкафы монтажные,Цвет: белый
Шкафы монтажные,Материал корпуса: сталь
Шкафы монтажные,Материал корпуса: пластик
Шкафы монтажные,Ширина: 600
Шкафы монтажные,Материал: металл
Шкафы монтажные,Страна: россия
Шкафы монтажные,Высота: 2200
Шкафы монтажные,Материал: монтажной
Шкафы монтажные,Материал корпуса: цам
Шкафы монтажные,Цвет: шкафа:серый
Шкафы монтажные,Длина: 20
Комплектующие информационно-технологического оборудования прочие...,Цвет: черный
Комплектующие информационно-технологического оборудования прочие...,Цвет: темно-серый
Комплектующие информационно-технологического оборудования прочие...,Материал корпуса: пластик
Комплектующие информационно-технологического оборудования прочие...,Тип матрицы: ips
Компьютеры персональные настольные (моноблоки),Тип матрицы: ips
Компьютеры персональные настольные (моноблоки),Цвет: черный
Компьютеры персональные настольные (моноблоки),Страна: китай
Компьютеры персональные настольные (моноблоки),Цвет: серебристый
Компьютеры персональные настольные (моноблоки),Материал корпуса: пластик
Компьютеры персональные настольные (моноблоки),Ширина: 49
Компьютеры персональные настольные (моноблоки),Диагональ: 23
Компьютеры персональные настольные (моноблоки),Процессор: core i3
Компьютеры персональные настольные (моноблоки),Высота: 39
Компьютеры персональные настольные (моноблоки),Цвет: черный/золотистый
Компьютеры персональные настольные (моноблоки),Разрешение: 1920x1080
Компьютеры персональные настольные (моноблоки),Разрешение: 1920
Панели интерактивные,Разрешение: 3840x2160
Панели интерактивные,Процессор: intel core i3
Панели интерактивные,Разрешение: 3840
Панели интерактивные,Тип матрицы: oled
Панели интерактивные,Страна: россия
Разделители листов пластиковые,Материал: пластик
Разделители листов пластиковые,Цвет: серый
Разделители листов пластиковые,Ширина: 210
Разделители листов пластиковые,Цвет: разноцветный
Разделители листов пластиковые,Длина: 297
Разделители листов пластиковые,Количество в упаковке: 31
Разделители листов пластиковые,Материал: изготовления:полипропилен
Разделители листов пластиковые,Цвет: синий
Разделители листов пластиковые,Материал: изготовления:пвх
Разделители листов пластиковые,Цвет: серебристый
Разделители листов пластиковые,Материал: изготовления:металл/пластик
Разделители листов пластиковые,Высота: 105
Рамки деревянные,Материал вставки: стекло
Рамки деревянные,Материал задника: переплетный картон
Рамки деревянные,Материал: пластик
Рамки деревянные,Материал багета: дерево
Рамки деревянные,Страна: россия
Рамки деревянные,Материал вставки: пластик
Рамки деревянные,Материал: дерево
Рамки деревянные,Цвет: тонированное дерево
Рамки деревянные,Материал багета: мдф
Рамки деревянные,Материал: мдф
Рамки деревянные,Цвет: темное дерево
Рамки деревянные,Цвет: белый
Конференц- и конгресс-системы,Цвет: черный
Конференц- и конгресс-системы,Длина: 52
Конференц- и конгресс-системы,Материал: pvc
Конференц- и конгресс-системы,Цвет: белый
Конференц- и конгресс-системы,Высота: 254
Пленка для ламинирования,Количество в упаковке: 100
Пленка для ламинирования,Цвет: прозрачный
Пленка для ламинирования,Цвет: бесцветный
Пленка для ламинирования,Цвет: белый
Пленка для ламинирования,Цвет: синий
Пленка для ламинирования,Страна: китай
Пленка для ламинирования,Длина: 10
Пленка для ламинирования,Цвет: слоновая кость
Пленка для ламинирования,Цвет: дымчатый
Пленка для ламинирования,Цвет: прозрачный синий
Пленка для ламинирования,Цвет: глянцевая
Пленка для ламинирования,Материал: пвх
Накопители данных внутренние,Ширина: 101
Накопители данных внутренние,Объем: 500000
Накопители данных внутренние,Страна: тайвань
Накопители данных внутренние,Высота: 26
Накопители данных внутренние,Длина: 147
Устройства усилительно-акустические,Материал корпуса: алюминий
Устройства усилительно-акустические,Сопротивление: 100
Устройства усилительно-акустические,Сопротивление: 47
Устройства усилительно-акустические,Цвет: черный
Устройства усилительно-акустические,Сопротивление: 20
Устройства усилительно-акустические,Материал корпуса: металл
Устройства усилительно-акустические,Материал корпуса: пластик
Устройства усилительно-акустические,Цвет: серый
Системный блок,Цвет: черный
Системный блок,Процессор: core i5
Системный блок,Процессор: intel
Системный блок,Процессор: ryzen 3
Системный блок,Страна: россия
Системный блок,Страна: китай
Системный блок,Цвет: серый
Системный блок,Процессор: intel pentium gold g5420
Системный блок,Тип матрицы: ips
Системный блок,Цвет: серебристый
Системный блок,Процессор: rtx 4000
Системный блок,Разрешение: 1920
Киоски информационные (инфоматы),Ширина: 110
Киоски информационные (инфоматы),Ширина: 17
Киоски информационные (инфоматы),Процессор: intel celeron
Киоски информационные (инфоматы),Ширина: 50
Пластик для 3D-принтеров,Материал: pla
Пластик для 3D-принтеров,Цвет: черный
Пластик для 3D-принтеров,Материал: abs
Пластик для 3D-принтеров,Материал: petg
Пластик для 3D-принтеров,Цвет: фиолетовый
Пластик для 3D-принтеров,Цвет: флуоресцентный
Пластик для 3D-принтеров,Цвет: серый
Пластик для 3D-принтеров,Цвет: синий
Пластик для 3D-принтеров,Цвет: голубой
Люверсы металлические,Цвет: серый
Люверсы металлические,Цвет: серебристый
Люверсы металлические,Цвет: серебряный
Люверсы металлические,Материал: оцинкованная сталь
Магниты для досок,Материал: пластик
Магниты для досок,Материал: пластик/магнит
Магниты для досок,Страна: китай
Магниты для досок,Цвет: магнита:синий
Магниты для досок,Цвет: магнита:желтый
Магниты для досок,Материал: неодим/никелированная сталь
Магниты для досок,Материал: винил
Магниты для досок,Материал: неодим
Магниты для досок,Количество в упаковке: 12
Магниты для досок,Материал: магнит
Магниты для досок,Цвет: магнита:ассорти
Магниты для досок,Цвет: 493 серый
Центры музыкальные,Материал: диска:алюминий
Центры музыкальные,Материал: стола:мдф
Центры музыкальные,Материал: тонарма:алюминий
Центры музыкальные,Материал: диска:акрил
Центры музыкальные,Материал: стола:акрил
Центры музыкальные,Материал: тонарма:карбон
Центры музыкальные,Материал: диска:стекло
Центры музыкальные,Материал: диска:мдф
Центры музыкальные,Материал: стола:пластмасса
Центры музыкальные,Материал: диска:пластмасса
Центры музыкальные,Материал: стола:дерево
Центры музыкальные,Материал: стола:сталь
Системы хранения данных дисковые сетевые,Длина: 230
Системы хранения данных дисковые сетевые,Ширина: 34
Системы хранения данных дисковые сетевые,Высота: 140
Системы хранения данных дисковые сетевые,Цвет: черный
Средства дезинсекционные,Объем: 100
Средства дезинсекционные,Объем: 50
Средства дезинсекционные,Объем: 1000
Средства дезинсекционные,Объем: 150
Средства дезинсекционные,Объем: 21
Сканеры,Разрешение: 600x600
Сканеры,Разрешение: 1200x1200
Сканеры,Разрешение: 300x300
Сканеры,Разрешение: 400x400
Сканеры,Цвет: черный
Сканеры,Разрешение: 600x1200
Сканеры,Разрешение: 300x600
Сканеры,Разрешение: 800x800
Шкафы телекоммуникационные,Ширина: 600
Шкафы телекоммуникационные,Цвет: серый
Шкафы телекоммуникационные,Цвет: черный
Шкафы телекоммуникационные,Ширина: 800
Шкафы телекоммуникационные,Цвет: серый ral 7035
Шкафы телекоммуникационные,Материал: сталь
Шкафы телекоммуникационные,Материал: металл
Шкафы телекоммуникационные,Материал: двери:металл
Шкафы телекоммуникационные,Ширина: 599
Шкафы телекоммуникационные,Материал: изделия:металл
Средства для обработки воды в бассейнах,Объем: 30
Средства для обработки воды в бассейнах,Объем: 20
Средства для обработки воды в бассейнах,Количество в упаковке: 10
Средства для обработки воды в бассейнах,Объем: 10
Средства для обработки воды в бассейнах,Объем: 1000
Средства для обработки воды в бассейнах,Количество  в упаковке: 10
Средства для обработки воды в бассейнах,Объем: 25
Телефоны микросотовые,Цвет: подсветки
Телефоны микросотовые,Цвет: черный
Телефоны микросотовые,Цвет: серый
Телефоны микросотовые,Цвет: черный/серый
Телефоны микросотовые,Цвет: серебристый
Телефоны микросотовые,Цвет: серебристый металлик
Телефоны микросотовые,Цвет: белый
Телефоны микросотовые,Цвет: темно-серый
Телефоны микросотовые,Цвет: черный/серебристый
Телефоны микросотовые,Материал корпуса: трубки:пластик
Телефоны микросотовые,Материал корпуса: базы:пластик
Точилки для карандашей,Цвет: синий
Точилки для карандашей,Высота: 40
Точилки для карандашей,Цвет: розовый
Точилки для карандашей,Страна: китай
Точилки для карандашей,Цвет: зеленый
Точилки для карандашей,Цвет: черный
Точилки для карандашей,Цвет: голубой
Точилки для карандашей,Ширина: 10
Точилки для карандашей,Цвет: серый
Точилки для карандашей,Цвет: фиолетовый
Точилки для карандашей,Материал корпуса: пластик
Точилки для карандашей,Цвет: салатовый
Накопители твердотельные в формате флеш-карты,Материал корпуса: пластик
Накопители твердотельные в формате флеш-карты,Страна: тайвань
Накопители твердотельные в формате флеш-карты,Страна: китай
Накопители твердотельные в формате флеш-карты,Объем: 64
Накопители твердотельные в формате флеш-карты,Цвет: серый
Накопители твердотельные в формате флеш-карты,Длина: 32
Накопители твердотельные в формате флеш-карты,Цвет: серебристый
Накопители твердотельные в формате флеш-карты,Материал корпуса: металл
Накопители твердотельные в формате флеш-карты,Высота: 24
Накопители твердотельные в формате флеш-карты,Объем: 16
Накопители твердотельные в формате флеш-карты,Объем: 256
Комплектующие для сетей и систем связи,Цвет: черный
Комплектующие для сетей и систем связи,Материал проводника: медь
Комплектующие для сетей и систем связи,Цвет: кабеля:черный
Комплектующие для сетей и систем связи,Материал: внешней
Комплектующие для сетей и систем связи,Длина: 305
Комплектующие для сетей и систем связи,Материал: жилы:медь
Комплектующие для сетей и систем связи,Материал: оболочки
Комплектующие для сетей и систем связи,Цвет: серый
Комплектующие для сетей и систем связи,Цвет: внешней
Комплектующие для сетей и систем связи,Материал: пластик
Комплектующие для сетей и систем связи,Материал: изоляции:полиэтилен
Комплектующие для сетей и систем связи,Длина кабеля: 305
Штемпели,Цвет: синий
Штемпели,Материал корпуса: пластик
Штемпели,Материал: клише:резина
Штемпели,Цвет: черный
Штемпели,Материал: изготовления штемпельной
Штемпели,Материал корпуса: металл
Штемпели,Цвет: сменной
Штемпели,Цвет: краски:синий
Штемпели,Цвет: серебристый
Штемпели,Материал: клише:резиновое
Штемпели,Цвет: даты:синий
Штемпели,Материал: высококачественная резина
Экраны для проекторов,Страна: китай
Экраны для проекторов,Цвет экрана: матовый белый
Экраны для проекторов,Материал: полотна:matte white
Экраны для проекторов,Диагональ: 131
Экраны для проекторов,Материал: сталь
Экраны для проекторов,Материал: полотна:стекловолокно
Обложки для переплета картонные,Материал: картон
Обложки для переплета картонные,Количество в упаковке: 100
Обложки для переплета картонные,Цвет: обложки:черный
Обложки для переплета картонные,Материал: корешок+клей полимер+отрывные листы
Обложки для переплета картонные,Цвет: обложки:белый
Обложки для переплета картонные,Цвет: обложки:синий
Обложки для переплета картонные,Цвет: бордовый
Обложки для переплета картонные,Цвет: внешней
Обложки для переплета картонные,Цвет: черный
Обложки для переплета картонные,Цвет: корешка:бордовый
Обложки для переплета картонные,Цвет: корешка:черный
Объективы,Цвет: черный
Объективы,Страна: китай
Объективы,Материал: изготовления:пластик
Объективы,Цвет: салфеток:белый
Объективы,Цвет: товара:черный
Боксы для бумаг пластиковые,Материал: полистирол
Боксы для бумаг пластиковые,Цвет: черный
Боксы для бумаг пластиковые,Страна: австрия
Боксы для бумаг пластиковые,Материал: пластик
Боксы для бумаг пластиковые,Цвет: прозрачный
Боксы для бумаг пластиковые,Цвет: белый
Боксы для бумаг пластиковые,Ширина: 90
Бумага гофрированная (крепированная),Ширина: 50
Бумага гофрированная (крепированная),Ширина: 13
Бумага гофрированная (крепированная),Цвет: зеленый
Бумага гофрированная (крепированная),Цвет: красный
Бумага печатная специального назначения,Количество листов: 50
Бумага печатная специального назначения,Тип печати: водорастворимые чернила
Бумага печатная специального назначения,Количество листов: 10
Бумага печатная специального назначения,Цвет: белый
Бумага печатная специального назначения,Ширина: 1220
Бумага для плоттеров и копировальных работ,Длина: 50
Бумага для плоттеров и копировальных работ,Цвет: прозрачный
Бумага для плоттеров и копировальных работ,Ширина: 610
Бумага для плоттеров и копировальных работ,Цвет: бумаги:белый
Бумага для плоттеров и копировальных работ,Длина: 305
Бумага для плоттеров и копировальных работ,Ширина: 1118
Бумага для плоттеров и копировальных работ,Ширина: 1260
Веб-камеры,Цвет: черный
Веб-камеры,Тип матрицы: cmos
Веб-камеры,Разрешение: 720
Веб-камеры,Ширина: 69
Доски комбинированные магнитно-меловые,Цвет: черный
Доски комбинированные магнитно-меловые,Цвет: синий
Доски комбинированные магнитно-меловые,Материал рамы: дерево
Доски комбинированные магнитно-меловые,Цвет: доски:черный
Доски комбинированные магнитно-меловые,Материал рамы: металл
Доски комбинированные магнитно-меловые,Цвет: доски:зеленый
Доски комбинированные магнитно-меловые,Высота: 100
Доски комбинированные магнитно-меловые,Цвет: рабочей
Доски комбинированные магнитно-меловые,Цвет: доски:зеленая
Доски комбинированные магнитно-меловые,Материал рамы: стальная
Доски комбинированные магнитно-меловые,Цвет: зеленый/белый
Порошок стиральный,Объем: 9000
Порошок стиральный,Объем: 3000
Порошок стиральный,Объем: 350
Порошок стиральный,Объем: 15000
Порошок стиральный,Объем: 6000
Порошок стиральный,Объем: 20000
Порошок стиральный,Объем: 450
Порошок стиральный,Объем: 400
Порошок стиральный,Страна: россия
Доски информационные,Высота: 100
Доски информационные,Ширина: 80
Доски информационные,Цвет: черный
Доски информационные,Материал: пвх
Доски информационные,Цвет покрытия: чёрный
Доски информационные,Материал отделений: акрил
Доски информационные,Тип материала: таблички:непрозрачный
Доски информационные,Материал: пластик
Доски информационные,Цвет: доски:натуральная пробка
Доски информационные,Материал рамки: дерево
Доски информационные,Материал стенда: пвх4
Доски информационные,Материал стенда: пвх 3 мм
Устройства хранения данных дисковые автономные (внешние жесткие диски),Высота: 15
Устройства хранения данных дисковые автономные (внешние жесткие диски),Цвет: черный
Устройства хранения данных дисковые автономные (внешние жесткие диски),Ширина: 79
Устройства хранения данных дисковые автономные (внешние жесткие диски),Материал корпуса: пластик
Устройства хранения данных дисковые автономные (внешние жесткие диски),Длина: 111
Устройства хранения данных дисковые автономные (внешние жесткие диски),Цвет: серебристый
Устройства хранения данных дисковые автономные (внешние жесткие диски),Цвет: платиновый
Устройства хранения данных дисковые автономные (внешние жесткие диски),Цвет: серебристый/оранжевый
Нити,Ширина: 12
Нити,Материал: для декорирования корешка книжного блока
Нити,Цвет: белый
Нити,Материал: лавсан
Нити,Длина: 250
Нити,Цвет: изделия:белый
Нити,Цвет: синий
Нити,Цвет: изделия:прозрачный
Нити,Материал: металл/хлопок
Нити,Цвет: белый глянец
Нити,Материал: полипропилен
Нити,Материал: полиэфирное волокно
Оборудование для работы со штрих-кодами,Цвет: черный
Оборудование для работы со штрих-кодами,Цвет: чёрный
Оборудование для работы со штрих-кодами,Материал корпуса: пластик
Оборудование для работы со штрих-кодами,Страна: германия
Оборудование для работы со штрих-кодами,Процессор: qualcomm quad core 1
Оборудование для работы со штрих-кодами,Материал корпуса: ударопрочный пластик
Оборудование для работы со штрих-кодами,Ширина: 120
Штативы для фотографического оборудования,Цвет: черный
Штативы для фотографического оборудования,Материал: штатива:алюминий
Штативы для фотографического оборудования,Материал: штатива:алюминиевый сплав
Штативы для фотографического оборудования,Материал: штатива:металл
Штативы для фотографического оборудования,Высота: 60
Штативы для фотографического оборудования,Высота: 1530
Штативы для фотографического оборудования,Материал корпуса: алюминий
Штативы для фотографического оборудования,Высота: 20
Штативы для фотографического оборудования,Материал корпуса: (ножек):алюминий
Штативы для фотографического оборудования,Высота: 86
Телевизоры,Цвет: черный
Телевизоры,Цвет: серый
Телевизоры,Цвет: серебристый
Телевизоры,Цвет: титан
Телевизоры,Цвет: чёрный
Телевизоры,Цвет: темно-серый
Бумага дизайнерская,Длина: 305
Бумага дизайнерская,Ширина: 305
Бумага дизайнерская,Страна: италия
Бумага дизайнерская,Цвет: белый
Бумага дизайнерская,Страна: китай
Бумага дизайнерская,Количество листов: 20
Бумага дизайнерская,Цвет: синий
Бумага дизайнерская,Цвет: голубой
Бумага дизайнерская,Цвет: светло-коричневый
Бумага дизайнерская,Цвет: слоновая кость
Бумага дизайнерская,Цвет: чайная роза
Бумага дизайнерская,Цвет: серебро
Бумага для творчества,Длина: 305
Бумага для творчества,Ширина: 305
Бумага для творчества,Длина: 152
Бумага для творчества,Ширина: 152
Бумага для творчества,Количество в упаковке: 50
Гарнитуры,Сопротивление: 32
Гарнитуры,Цвет: черный
Гарнитуры,Импеданс: 32
Гарнитуры,Сопротивление: 1500
Гарнитуры,Цвет: телесный
Гарнитуры,Цвет: бежевый
Гарнитуры,Материал корпуса: пластик
Коммутатор,Материал корпуса: металл
Коммутатор,Ширина: 440
Коммутатор,Высота: 44
Коммутатор,Цвет: серый
Коммутатор,Ширина: 441
Коммутатор,Высота: 43
Диски оптические,Количество в упаковке: 100
Диски оптические,Количество в упаковке: 10
Диски оптические,Количество в упаковке: 50
Диски оптические,Количество в упаковке: 25
Диски оптические,Страна: россия
Диски оптические,Длина: 14
Диски оптические,Страна: тайвань
Диски оптические,Цвет: оранжевый
Прикладное программное обеспечение,Страна: россия
Прикладное программное обеспечение,Цвет: белый
Прикладное программное обеспечение,Страна: сша
Прикладное программное обеспечение,Страна: соединенные
Прикладное программное обеспечение,Страна: российская
Прикладное программное обеспечение,Объем: 32
Прикладное программное обеспечение,Материал корпуса: пластик
Аппараты телефонные,Цвет: черный
Аппараты телефонные,Цвет: белый
Аппараты телефонные,Страна: китай
Аппараты телефонные,Ширина: 16
Аппараты телефонные,Цвет: чёрный
Кабели сетевые с медными проводниками...,Материал проводника: медь
Кабели сетевые с медными проводниками...,Цвет: черный
Кабели сетевые с медными проводниками...,Длина: 305
Кабели сетевые с медными проводниками...,Длина: 100
Кабели сетевые с медными проводниками...,Цвет: внешней
Патч-корды,Цвет: серый
Патч-корды,Цвет: черный
Патч-корды,Материал: внешней
Патч-корды,Длина: 10
Патч-корды,Цвет: синий
Патч-корды,Материал: оболочки:пвх
Патч-корды,Материал проводника: медь
Патч-корды,Материал: жил:медь
Патч-корды,Материал: оболочки:lszh
Патч-корды,Цвет: внешней
Патч-корды,Цвет: кабеля:черный
Ноутбук,Разрешение: 1920x1080
Ноутбук,Тип матрицы: ips
Ноутбук,Цвет: черный
Ноутбук,Страна: китай
Ноутбук,Цвет: серебристый
Ноутбук,Цвет: серый
Ноутбук,Ширина: 32
Ноутбук,Разрешение: 1366x768
Ноутбук,Разрешение: 1920
Ноутбук,Цвет: синий
Ноутбук,Тип матрицы: tn
Ноутбук,Цвет: клавиатуры
Печати круглые самонаборные,Материал: изготовления штемпельной
Печати круглые самонаборные,Цвет: черный
Печати круглые самонаборные,Цвет: синий
Печати круглые самонаборные,Цвет: сменной
Печати круглые самонаборные,Цвет: жёлтый
Печати круглые самонаборные,Материал: латунь
Печати круглые самонаборные,Страна: россия
Печати круглые самонаборные,Цвет: красный
Печати круглые самонаборные,Цвет: зеленый
Печати круглые самонаборные,Материал корпуса: металл
Печати круглые самонаборные,Материал: клише:резина
Подушки штемпельные,Цвет: подушки
Подушки штемпельные,Цвет: штемпельной
Подушки штемпельные,Страна: австрия
Подушки штемпельные,Цвет: синий
Подушки штемпельные,Материал корпуса: пластик
Подушки штемпельные,Цвет: фиолетовый
Подушки штемпельные,Цвет: краски:синий
Подушки штемпельные,Длина: 100
Подушки штемпельные,Ширина: 40
Подушки штемпельные,Длина: 120
Подушки штемпельные,Ширина: 90
Флипчарты,Цвет: доски:белый
Флипчарты,Материал: каркаса:металл
Флипчарты,Цвет: белый
Флипчарты,Ширина: 70
Флипчарты,Материал: алюминий
Флипчарты,Длина: 100
Флипчарты,Длина: 70
Флипчарты,Высота: 100
Фильтры сетевые,Цвет: белый
Фильтры сетевые,Цвет: черный
Фильтры сетевые,Цвет: серый
Фильтры сетевые,Длина кабеля: 10
Фильтры сетевые,Материал корпуса: пластик
Фильтры сетевые,Ширина: 40
Фильтры сетевые,Высота: 52
Фильтры сетевые,Длина шнура: 180
Фильтры сетевые,Цвет: чёрный
Фильтры сетевые,Цвет: cерый
Компьютеры планшетные,Материал: металл
Компьютеры планшетные,Цвет: серый
Компьютеры планшетные,Цвет: черный
Компьютеры планшетные,Материал корпуса: металл
Компьютеры планшетные,Тип матрицы: ips
Комплектующие и запасные части для устройств ввода и вывода информации,Цвет: черный
Комплектующие и запасные части для устройств ввода и вывода информации,Материал: пластик
Комплектующие и запасные части для устройств ввода и вывода информации,Цвет: серый
Комплектующие и запасные части для устройств ввода и вывода информации,Ширина: 70
Комплектующие и запасные части для устройств ввода и вывода информации,Цвет: слоновая кость
Комплектующие и запасные части для устройств ввода и вывода информации,Цвет: алюминиевый
Комплектующие и запасные части для устройств ввода и вывода информации,Цвет: бежевый
Комплектующие и запасные части для устройств ввода и вывода информации,Цвет: антрацит
Комплектующие и запасные части для устройств ввода и вывода информации,Цвет: серебристый
Комплектующие и запасные части для устройств ввода и вывода информации,Материал проводника: медь
Комплектующие и запасные части для устройств ввода и вывода информации,Длина: 10
Комплектующие и запасные части для устройств ввода и вывода информации,Цвет: изделия:черный
Линейки,Материал: пластик
Линейки,Материал: дерево
Линейки,Материал: металл
Линейки,Цвет: коричневый
Линейки,Материал: алюминий
Линейки,Цвет: зеленый
Линейки,Цвет: синий
Линейки,Цвет: серебристый
Линейки,Цвет: стальной
Линейки,Цвет: прозрачный
Линейки,Материал: нержавеющая сталь
Линейки,Цвет: линейки:металлический
Системы акустические,Материал: нч/сч-излучателя:алюминий
Системы акустические,Материал корпуса: mdf
Системы акустические,Ширина: 190
Системы акустические,Цвет: черный
Системы акустические,Материал: сч-излучателя:кевлар
Системы акустические,Высота: 1050
Системы акустические,Материал: сч-излучателя:титан
Системы акустические,Материал: нч/сч-излучателя:бумага
Системы акустические,Высота: 170
Системы акустические,Материал корпуса: пластик
Системы акустические,Материал корпуса: дерево
Системы акустические,Материал корпуса: фанера
Средства для дезодорирования и ароматизации воздуха в помещениях,Объем: 300
Средства для дезодорирования и ароматизации воздуха в помещениях,Цвет: белый
Средства для дезодорирования и ароматизации воздуха в помещениях,Материал: стекло
Средства для дезодорирования и ароматизации воздуха в помещениях,Цвет: прозрачный
Средства для дезодорирования и ароматизации воздуха в помещениях,Материал: пластик
Средства для дезодорирования и ароматизации воздуха в помещениях,Количество в упаковке: 250
Средства для дезодорирования и ароматизации воздуха в помещениях,Материал: бумага
Средства для дезодорирования и ароматизации воздуха в помещениях,Материал: наполнения:древесная труха
Средства для дезодорирования и ароматизации воздуха в помещениях,Высота: 190
Средства для дезодорирования и ароматизации воздуха в помещениях,Цвет: серый металлик
Стенды,Высота: 100
Стенды,Ширина: 100
Стенды,Тип материала: таблички:непрозначный
Стенды,Материал: пвх
Стенды,Материал: пластик
Стенды,Страна: россия
Стенды,Материал: полистирол
Стенды,Цвет: белый
Стенды,Цвет: надписи:черный
Стенды,Материал: акрил
Стенды,Материал: металлопластик
Стенды,Тип печати: изображение наносится непосредственно на самой таб
Степлеры (сшиватели),Цвет: черный
Степлеры (сшиватели),Цвет: синий
Степлеры (сшиватели),Материал корпуса: пластик
Степлеры (сшиватели),Материал: механизма:металл
Степлеры (сшиватели),Цвет: серый
Степлеры (сшиватели),Цвет: голубой
Степлеры (сшиватели),Материал корпуса: металл
Степлеры (сшиватели),Цвет: розовый
Степлеры (сшиватели),Цвет: зеленый
Степлеры (сшиватели),Материал: механизма:пластик
Степлеры (сшиватели),Материал: металл/пластик
Степлеры (сшиватели),Цвет: салатовый
Системы демонстрационные,Страна: россия
Системы демонстрационные,Цвет: серебро
Системы демонстрационные,Цвет: панели
Системы демонстрационные,Материал: панелей:пластик
Системы демонстрационные,Цвет: черный
Системы демонстрационные,Материал: металл
Системы демонстрационные,Цвет: серый
Системы демонстрационные,Материал: алюминий
Системы демонстрационные,Цвет: хром
Системы демонстрационные,Ширина: 300
Системы демонстрационные,Материал: пластик
Системы демонстрационные,Материал рамки: алюминий
Средства для очистки и полировки поверхностей,Страна: россия
Средства для очистки и полировки поверхностей,Цвет: прозрачный
Средства для очистки и полировки поверхностей,Объем: 20
Средства для очистки и полировки поверхностей,Цвет: голубой
Средства для очистки и полировки поверхностей,Объем: 500
Средства для очистки и полировки поверхностей,Объем: 250
Смартфоны,Цвет: черный
Смартфоны,Материал корпуса: пластик
Смартфоны,Цвет: синий
Смартфоны,Цвет: серый
Смартфоны,Процессор: mediatek mt6765
Смартфоны,Цвет: зеленый
Смартфоны,Материал корпуса: металл
Смартфоны,Цвет: голубой
Смартфоны,Цвет: серебристый
Смартфоны,Процессор: qualcomm snapdragon 450
Смартфоны,Цвет: черный/оранжевый
Средства для посудомоечных машин,Количество в упаковке: 100
Средства для посудомоечных машин,Количество в упаковке: 30
Средства для посудомоечных машин,Страна: россия
Средства для посудомоечных машин,Количество в упаковке: 60
Средства для посудомоечных машин,Объем: 250
Средства для посудомоечных машин,Количество в упаковке: 12
Скрепочницы пластиковые,Цвет: черный
Скрепочницы пластиковые,Цвет: скрепок:-
Скрепочницы пластиковые,Цвет: черный/зеленый
Скрепочницы пластиковые,Материал: пластик
Скрепочницы пластиковые,Высота: 40
Скрепочницы пластиковые,Цвет: прозрачный
Скрепочницы пластиковые,Цвет: скрепок:в ассортименте
Скрепочницы пластиковые,Ширина: 60
Скрепочницы пластиковые,Цвет: скрепок:чёрный
Скрепочницы пластиковые,Длина: 68
Обложки для термопереплета,Цвет: прозрачный
Обложки для термопереплета,Материал: пластик
Обложки для термопереплета,Цвет: корешка:алюминиевый
Обложки для термопереплета,Материал: металлический корешок+клей+полимер+пластиковые листы
Видеокамеры,Цвет: черный
Видеокамеры,Цвет: белый
Видеокамеры,Материал: пластик
Видеокамеры,Тип матрицы: cmos
Доски магнитно-маркерные,Материал рамы: алюминий
Доски магнитно-маркерные,Высота: 100
Доски магнитно-маркерные,Цвет: доски:белый
Доски магнитно-маркерные,Цвет: белый
Доски магнитно-маркерные,Цвет: рабочей
Доски магнитно-маркерные,Длина: 150
Доски магнитно-маркерные,Материал: закаленное стекло
Доски магнитно-маркерные,Материал рамы: металл
Доски магнитно-маркерные,Ширина: 150
Доски магнитно-маркерные,Материал: рабочей
Доски магнитно-маркерные,Цвет: изделия:белый
Доски магнитно-маркерные,Материал: каркаса:металл
Принтер 3D FDM,Тип печати: горячая печать
Принтер 3D FDM,Материал корпуса: пластик
Принтер 3D FDM,Материал: наконечника:керамика
Принтер 3D FDM,Длина: 184
Принтер 3D FDM,Ширина: 31
Принтер 3D FDM,Длина: 180
Принтер 3D FDM,Материал: печати:pla или abs
Принтер 3D FDM,Страна: китай
Принтер 3D FDM,Длина: 188
Клавиатура,Цвет: черный
Клавиатура,Материал: пластик
Клавиатура,Материал корпуса: пластик
Клавиатура,Цвет: белый
Клавиатура,Цвет: серебристый
Клавиатура,Цвет: букв:белый
Клавиатура,Цвет: клавиатуры и
Клавиатура,Совместимые модели: ноутбуков:galaxy tab s8 ultra
Клавиатура,Ширина: 438
Клавиатура,Цвет: изделия:чёрный
Фотокамеры цифровые,Тип матрицы: cmos
Фотокамеры цифровые,Цвет: черный
Фотокамеры цифровые,Цвет: чёрный
Фотокамеры цифровые,Тип матрицы: nmos
Комплекты осветительного оборудования и хромакейный фон,Длина: 11
Комплекты осветительного оборудования и хромакейный фон,Материал: бумага
Комплекты осветительного оборудования и хромакейный фон,Страна: сша
Комплекты осветительного оборудования и хромакейный фон,Страна: китай
Комплекты осветительного оборудования и хромакейный фон,Цвет: зеленый
Комплекты осветительного оборудования и хромакейный фон,Материал: матовая мелкозернистая бумага высокой прочности
Комплекты осветительного оборудования и хромакейный фон,Цвет: черный
Комплекты осветительного оборудования и хромакейный фон,Цвет: белый (arctic white)
Комплекты осветительного оборудования и хромакейный фон,Цвет: второго
Комплекты осветительного оборудования и хромакейный фон,Материал: матовый винил
Комплекты осветительного оборудования и хромакейный фон,Ширина: 272
Комплекты осветительного оборудования и хромакейный фон,Материал: пластик
Скобы для степлеров,Материал: скоб:сталь
Скобы для степлеров,Материал: скоб:металл
Скобы для степлеров,Количество в упаковке: 1000
Скобы для степлеров,Цвет: скоб:серебристый
Скобы для степлеров,Цвет: серебристый
Скобы для степлеров,Ширина: 11
