category_id,characteristic,total_items,sample_item_ids
793284715,Вид: шин покрышек и камер резиновых шины п,344,"36956078, 38417856, 37796939"
793284715,Тип: конструкции пневматических шин диагон,344,"36956078, 38417856, 37796939"
793284715,Категория: использования шины повышенной проходи,344,"36956078, 38417856, 37796939"
793284715,Вид: транспортные средства запасные части,344,"36956078, 38417856, 37796939"
793284715,Вид: продукции товары вид товаров транс,344,"36956078, 38417856, 37796939"
793284715,Вид: товаров транспортные средства вид тра,344,"36956078, 38417856, 37796939"
793284715,Тип: конструкции диагональная вид продукци,344,"36956078, 38417856, 37796939"
793284715,характеристика: nortec,344,"36956078, 38417856, 37796939"
793284715,характеристика: индия,344,"36956078, 38417856, 37796939"
793284715,характеристика: китай,344,"36956078, 38417856, 37796939"
793284715,характеристика: bkt,344,"36956078, 38417856, 37796939"
793284715,характеристика: honour,344,"36956078, 38417856, 37796939"
793284715,Вид: ы транспортных средств расходных материа,344,"36956078, 38417856, 37796939"
793284715,Материал: ов и запасных частей для них,344,"36956078, 38417856, 37796939"
793284715,характеристика: voltyre,344,"36956078, 38417856, 37796939"
793285271,Вид: шин покрышек и камер резиновых шины п,130,"38704460, 36754056, 35900335"
793285271,Вид: транспортные средства запасные части,130,"38704460, 36754056, 35900335"
793285271,Вид: продукции товары вид товаров транс,130,"38704460, 36754056, 35900335"
793285271,Тип: конструкции пневматических шин диагон,130,"38704460, 36754056, 35900335"
793285271,Тип: конструкции диагональная тип рисунка,130,"38704460, 36754056, 35900335"
793285271,характеристика: nortec,130,"38704460, 36754056, 35900335"
793285271,Вид: товаров транспортные средства вид тра,130,"38704460, 36754056, 35900335"
793285271,Категория: использования направляющего колеса на,130,"38704460, 36754056, 35900335"
793285271,характеристика: voltyre,130,"38704460, 36754056, 35900335"
793285271,характеристика: 2а,130,"38704460, 36754056, 35900335"
793285271,характеристика: индия,130,"38704460, 36754056, 35900335"
793285271,Вид: ы запасных частей для транспортных средс,130,"38704460, 36754056, 35900335"
793285271,характеристика: bkt,130,"38704460, 36754056, 35900335"
793285271,характеристика: husqvarna,130,"38704460, 36754056, 35900335"
793285271,характеристика: 6 дюйм,130,"38704460, 36754056, 35900335"
793286151,характеристика: runflat,2926,"18982380, 39066264, 35429118"
793286151,Нет: категория использования шины,2926,"18982380, 39066264, 35429118"
793286151,Да: номинальная ширина профиля,2926,"18982380, 39066264, 35429118"
793286151,характеристика: tyres,2926,"18982380, 39066264, 35429118"
793286151,характеристика: nokian,2926,"18982380, 39066264, 35429118"
793286151,Назначение: пневматических шин легковой автомобил,2926,"18982380, 39066264, 35429118"
793286151,Вид: шин покрышек и камер резиновых шины п,2926,"18982380, 39066264, 35429118"
793286151,Категория: использования шины зимние назначение,2926,"18982380, 39066264, 35429118"
793286151,характеристика: ice,2926,"18982380, 39066264, 35429118"
793286151,характеристика: suv,2926,"18982380, 39066264, 35429118"
793286151,Вид: транспортные средства запасные части,2926,"18982380, 39066264, 35429118"
793286151,характеристика: nordman,2926,"18982380, 39066264, 35429118"
793286151,Вид: продукции товары вид товаров транс,2926,"18982380, 39066264, 35429118"
793286151,характеристика: pirelli,2926,"18982380, 39066264, 35429118"
793286151,характеристика: michelin,2926,"18982380, 39066264, 35429118"
793360561,Вид: ы шин пневматических для грузовых автомо,684,"37886630, 37270304, 37895988"
793360561,Вид: шин покрышек и камер резиновых шины п,684,"37886630, 37270304, 37895988"
793360561,Вид: транспортные средства запасные части,684,"37886630, 37270304, 37895988"
793360561,Вид: продукции товары вид товаров транс,684,"37886630, 37270304, 37895988"
793360561,Тип: грузовых шин универсальные тип констр,684,"37886630, 37270304, 37895988"
793360561,Нет: номинальная ширина профиля,684,"37886630, 37270304, 37895988"
793360561,Вид: товаров транспортные средства вид тра,684,"37886630, 37270304, 37895988"
793360561,Тип: рисунка дорожный тип рисунка протекто,684,"37886630, 37270304, 37895988"
793360561,Категория: использования шины всесезонная наличи,684,"37886630, 37270304, 37895988"
793360561,характеристика: tyres,684,"37886630, 37270304, 37895988"
793360561,Вид: шины по назначению легкая грузовая ин,684,"37886630, 37270304, 37895988"
793360561,характеристика: китай,684,"37886630, 37270304, 37895988"
793360561,характеристика: r22,684,"37886630, 37270304, 37895988"
793360561,характеристика: cordiant,684,"37886630, 37270304, 37895988"
793360561,Тип: рисунка дорожный вид продукции тов,684,"37886630, 37270304, 37895988"
793410132,Вид: шины покрышки и камеры резиновые вид тра,50,"38778234, 38713795, 19706508"
793410132,Вид: товаров транспортные средства вид про,50,"38778234, 38713795, 19706508"
793410132,характеристика: kenda,50,"38778234, 38713795, 19706508"
793410132,Вид: ы запасных частей для транспортных средс,50,"38778234, 38713795, 19706508"
793410132,характеристика: tr4,50,"38778234, 38713795, 19706508"
793410132,характеристика: япония,50,"38778234, 38713795, 19706508"
793410132,характеристика: mitas,50,"38778234, 38713795, 19706508"
793410132,характеристика: китай,50,"38778234, 38713795, 19706508"
793410132,Модель: mitas,50,"38778234, 38713795, 19706508"
793410132,характеристика: battlax,50,"38778234, 38713795, 19706508"
793410132,характеристика: front,50,"38778234, 38713795, 19706508"
793410132,характеристика: geomax,50,"38778234, 38713795, 19706508"
793410132,характеристика: bridgestone,50,"38778234, 38713795, 19706508"
793410132,Модель: dunlop,50,"38778234, 38713795, 19706508"
793410132,характеристика: dunlop,50,"38778234, 38713795, 19706508"
793284937,Вид: шин покрышек и камер резиновых шины с,10,"34708505, 35882246, 35882158"
793284937,характеристика: std,10,"34708505, 35882246, 35882158"
793284937,характеристика: bkt,10,"34708505, 35882246, 35882158"
793284937,Тип: конструкции полупневматических шин ди,10,"34708505, 35882246, 35882158"
793284937,Вид: шины сплошная цельнолитая индекс на,10,"34708505, 35882246, 35882158"
793284937,характеристика: индия,10,"34708505, 35882246, 35882158"
793284937,характеристика: maglift,10,"34708505, 35882246, 35882158"
793284937,Вид: транспортные средства запасные части,10,"34708505, 35882246, 35882158"
793284937,Вид: продукции товары вид товаров транс,10,"34708505, 35882246, 35882158"
793284937,Вид: товаров транспортные средства вид,10,"34708505, 35882246, 35882158"
793284937,Вид: ы запасных частей для транспортных средс,10,"34708505, 35882246, 35882158"
793284937,Модель: optima,10,"34708505, 35882246, 35882158"
793284937,характеристика: optima,10,"34708505, 35882246, 35882158"
793284937,характеристика: laugfs,10,"34708505, 35882246, 35882158"
793284937,характеристика: normal,10,"34708505, 35882246, 35882158"
793360559,Вид: ы шин пневматических для грузовых автомо,44,"38151868, 36702203, 38025392"
793360559,Вид: шин покрышек и камер резиновых шины п,44,"38151868, 36702203, 38025392"
793360559,Тип: конструкции радиальная вид продукции,44,"38151868, 36702203, 38025392"
793360559,Вид: товаров транспортные средства вид тра,44,"38151868, 36702203, 38025392"
793360559,Да: номинальная ширина профиля,44,"38151868, 36702203, 38025392"
793360559,Категория: использования шины зимняя назначение,44,"38151868, 36702203, 38025392"
793360559,Вид: транспортные средства запасные части,44,"38151868, 36702203, 38025392"
793360559,Назначение: шины легкая грузовая наличие логотипа,44,"38151868, 36702203, 38025392"
793360559,характеристика: tyres,44,"38151868, 36702203, 38025392"
793360559,Вид: продукции товары вид товаров транс,44,"38151868, 36702203, 38025392"
793360559,характеристика: van,44,"38151868, 36702203, 38025392"
793360559,Категория: использования шины универсальная кате,44,"38151868, 36702203, 38025392"
793360559,характеристика: ikon,44,"38151868, 36702203, 38025392"
793360559,Материал: ов и запасных частей для них,44,"38151868, 36702203, 38025392"
793360559,характеристика: green-max,44,"38151868, 36702203, 38025392"
793410130,характеристика: bxdxd,15,"35095664, 38519760, 38698711"
793410130,характеристика: ekka,15,"35095664, 38519760, 38698711"
793410130,характеристика: 5 дюйм,15,"35095664, 38519760, 38698711"
793410130,характеристика: dako,15,"35095664, 38519760, 38698711"
793410130,характеристика: rim,15,"35095664, 38519760, 38698711"
793410130,Вид: шин покрышек и камер резиновых шины п,15,"35095664, 38519760, 38698711"
793410130,Тип: tl тип рисунка протектора с глубоким,15,"35095664, 38519760, 38698711"
793410130,Вид: транспортные средства запасные части,15,"35095664, 38519760, 38698711"
793410130,Вид: продукции товары вид товаров транс,15,"35095664, 38519760, 38698711"
793410130,характеристика: китай,15,"35095664, 38519760, 38698711"
793410130,характеристика: wkt,15,"35095664, 38519760, 38698711"
793410130,Модель: at225,15,"35095664, 38519760, 38698711"
793410130,характеристика: nylon,15,"35095664, 38519760, 38698711"
793410130,Назначение: для каретных колес сезонность летняя,15,"35095664, 38519760, 38698711"
793410130,Вес: 225 г,15,"35095664, 38519760, 38698711"
793410128,Размер: 24 дюйм,10,"38904060, 38904006, 22478610"
793410128,Назначение: для задних колес инвалидной коляски моде,10,"38904060, 38904006, 22478610"
793410128,характеристика: horst,10,"38904060, 38904006, 22478610"
793410128,Материал: нейлон назначение,10,"38904060, 38904006, 22478610"
793410128,Вид: шин покрышек и камер резиновых шины,10,"38904060, 38904006, 22478610"
793410128,характеристика: резина,10,"38904060, 38904006, 22478610"
793410128,характеристика: германия,10,"38904060, 38904006, 22478610"
793410128,характеристика: 24 дюйм,10,"38904060, 38904006, 22478610"
793410128,Вид: транспортные средства запасные части,10,"38904060, 38904006, 22478610"
793410128,Вид: продукции товары вид товаров транс,10,"38904060, 38904006, 22478610"
793410128,характеристика: meyra,10,"38904060, 38904006, 22478610"
793410128,Модель: 24,10,"38904060, 38904006, 22478610"
793410128,Модель: perfomance,10,"38904060, 38904006, 22478610"
793410128,характеристика: tpi,10,"38904060, 38904006, 22478610"
793410128,Назначение: инвалидная коляска цвет серый размер,10,"38904060, 38904006, 22478610"
72095359,характеристика: хлопок,345,"35162280, 38287292, 24133899"
72095359,характеристика: .м,345,"35162280, 38287292, 24133899"
72095359,Вид: рукава короткий силуэт приталенный,345,"35162280, 38287292, 24133899"
72095359,Вид: ы одежды включая форменную головных уб,345,"35162280, 38287292, 24133899"
72095359,характеристика: голубой,345,"35162280, 38287292, 24133899"
72095359,Вид: рукава длинный цвет отделки синий,345,"35162280, 38287292, 24133899"
72095359,Вид: продукции товары вид товаров одежд,345,"35162280, 38287292, 24133899"
72095359,Цвет: белый размер рост,345,"35162280, 38287292, 24133899"
72095359,характеристика: шерсть,345,"35162280, 38287292, 24133899"
72095359,характеристика: 2 г,345,"35162280, 38287292, 24133899"
72095359,Цвет: отделки,345,"35162280, 38287292, 24133899"
72095359,Вид: застежки на пуговицах вид ткани см,345,"35162280, 38287292, 24133899"
72095359,характеристика: синий,345,"35162280, 38287292, 24133899"
72095359,Назначение: одежды форменной защита от общепроизв,345,"35162280, 38287292, 24133899"
72095359,Цвет: светлый хаки отделка,345,"35162280, 38287292, 24133899"
72095366,Цвет: сочетание бежевого и,25,"37248981, 37752452, 1463949"
72095366,Тип: ткани супербандмастер смесовая цвет,25,"37248981, 37752452, 1463949"
72095366,Цвет: красный черный модел,25,"37248981, 37752452, 1463949"
72095366,Вид: защиты защита от механических воздейс,25,"37248981, 37752452, 1463949"
72095366,Вид: ы одежды включая форменную головных уб,25,"37248981, 37752452, 1463949"
72095366,характеристика: красный,25,"37248981, 37752452, 1463949"
72095366,Материал: а состав ткани,25,"37248981, 37752452, 1463949"
72095366,характеристика: хлопок,25,"37248981, 37752452, 1463949"
72095366,Назначение: для защиты от общих производственных заг,25,"37248981, 37752452, 1463949"
72095366,Материал: а половой признак,25,"37248981, 37752452, 1463949"
72095366,Вид: продукции товары вид товаров одежд,25,"37248981, 37752452, 1463949"
72095366,Размер: 64,25,"37248981, 37752452, 1463949"
72095366,Цвет: флуоресцентный оранж,25,"37248981, 37752452, 1463949"
72095366,Наличие: дополнительных элементов на од,25,"37248981, 37752452, 1463949"
72095366,Цвет: черный красный вид п,25,"37248981, 37752452, 1463949"
72095367,Цвет: белый отделка,35,"38677421, 35187047, 20827734"
72095367,Назначение: защита об общепроизводственных загрязнен,35,"38677421, 35187047, 20827734"
72095367,Вид: ы одежды включая форменную головных уб,35,"38677421, 35187047, 20827734"
72095367,характеристика: .м,35,"38677421, 35187047, 20827734"
72095367,характеристика: хлопок,35,"38677421, 35187047, 20827734"
72095367,характеристика: белый,35,"38677421, 35187047, 20827734"
72095367,характеристика: шерсть,35,"38677421, 35187047, 20827734"
72095367,характеристика: 2,35,"38677421, 35187047, 20827734"
72095367,Цвет: темно-синий вид прод,35,"38677421, 35187047, 20827734"
72095367,Вид: продукции товары вид товаров одежд,35,"38677421, 35187047, 20827734"
72095367,Вид: отделки масловодоотталкивающая карман,35,"38677421, 35187047, 20827734"
72095367,характеристика: синий,35,"38677421, 35187047, 20827734"
72095367,Цвет: темно-синий модель,35,"38677421, 35187047, 20827734"
72095367,Цвет: - белый с бирюзовым,35,"38677421, 35187047, 20827734"
72095367,Размер: 92,35,"38677421, 35187047, 20827734"
72095368,характеристика: хлопок,56,"36744161, 23020037, 1409011"
72095368,Вид: ы одежды включая форменную головных уб,56,"36744161, 23020037, 1409011"
72095368,характеристика: белый,56,"36744161, 23020037, 1409011"
72095368,Цвет: белый модель,56,"36744161, 23020037, 1409011"
72095368,Назначение: для защиты от общих производственных заг,56,"36744161, 23020037, 1409011"
72095368,характеристика: .м,56,"36744161, 23020037, 1409011"
72095368,Цвет: белый отделка,56,"36744161, 23020037, 1409011"
72095368,Тип: ткани трикотажного полотна смесовая ц,56,"36744161, 23020037, 1409011"
72095368,Вид: а изделия халат полуприлегающего силу,56,"36744161, 23020037, 1409011"
72095368,Тип: а россия производственно-внедренческое о,56,"36744161, 23020037, 1409011"
72095368,Цвет: - белый россия произ,56,"36744161, 23020037, 1409011"
72095368,Цвет: белый вид продукции,56,"36744161, 23020037, 1409011"
72095368,Материал: смесовая,56,"36744161, 23020037, 1409011"
72095368,Вид: мягкого инвентаря халат наличие карма,56,"36744161, 23020037, 1409011"
72095368,Цвет: бирюзовый модель,56,"36744161, 23020037, 1409011"
72095369,Цвет: темно-синий вид прод,9,"35187076, 1391288, 1391287"
72095369,характеристика: шерсть,9,"35187076, 1391288, 1391287"
72095369,характеристика: синий,9,"35187076, 1391288, 1391287"
72095369,характеристика: .м,9,"35187076, 1391288, 1391287"
72095369,Назначение: защита от общих производственных загрязн,9,"35187076, 1391288, 1391287"
72095369,характеристика: lycra,9,"35187076, 1391288, 1391287"
72095369,Вид: продукции товары вид товаров одежд,9,"35187076, 1391288, 1391287"
72095369,Вид: ы одежды включая форменную головных уб,9,"35187076, 1391288, 1391287"
72095369,Цвет: темно-синий модель,9,"35187076, 1391288, 1391287"
72095369,Цвет: темно-синий карманы,9,"35187076, 1391288, 1391287"
72095369,характеристика: хлопок,9,"35187076, 1391288, 1391287"
72095369,характеристика: россия,9,"35187076, 1391288, 1391287"
72095370,Назначение: подходит как для работы так и для повсед,433,"34831692, 35422756, 38135503"
72095370,характеристика: хлопок,433,"34831692, 35422756, 38135503"
72095370,Тип: ом узбекистан производственно-внедренчес,433,"34831692, 35422756, 38135503"
72095370,Вид: ы одежды включая форменную головных уб,433,"34831692, 35422756, 38135503"
72095370,Цвет: а может быть рекомен,433,"34831692, 35422756, 38135503"
72095370,характеристика: серый,433,"34831692, 35422756, 38135503"
72095370,характеристика: синий,433,"34831692, 35422756, 38135503"
72095370,Вид: продукции товары вид товаров одежд,433,"34831692, 35422756, 38135503"
72095370,Цвет: фисташковый плотност,433,"34831692, 35422756, 38135503"
72095370,Тип: трикотажного полотна гипоаллергенное,433,"34831692, 35422756, 38135503"
72095370,Цвет: серый назначение,433,"34831692, 35422756, 38135503"
72095370,Цвет: оранжевый вырез горл,433,"34831692, 35422756, 38135503"
72095370,Цвет: черный рукав,433,"34831692, 35422756, 38135503"
72095370,Цвет: васильковый состав,433,"34831692, 35422756, 38135503"
72095370,Цвет: синий рукав,433,"34831692, 35422756, 38135503"
72095373,характеристика: 225 г,8,"16746405, 16742661, 18152860"
72095373,Да: плотность 225 гр м2 размер,8,"16746405, 16742661, 18152860"
72095373,Наличие: назначение для защиты от во,8,"16746405, 16742661, 18152860"
72095373,характеристика: пвх,8,"16746405, 16742661, 18152860"
72095373,Цвет: темно-синий модель,8,"16746405, 16742661, 18152860"
72095373,характеристика: синий,8,"16746405, 16742661, 18152860"
72095373,Материал: полиэфир с пвх-покрытием с изн,8,"16746405, 16742661, 18152860"
72095373,Цвет: темно-синий особенно,8,"16746405, 16742661, 18152860"
72095373,Назначение: для защиты от воды размер рост 88-92,8,"16746405, 16742661, 18152860"
72095373,Назначение: для защиты от воды покрытие пвх-покры,8,"16746405, 16742661, 18152860"
72095373,Назначение: для защиты от воды плотность 225 гр м,8,"16746405, 16742661, 18152860"
72095373,Цвет: темно-синий покрытие,8,"16746405, 16742661, 18152860"
72095373,Вид: ы одежды включая форменную головных уб,8,"16746405, 16742661, 18152860"
72095373,характеристика: 2 в,8,"16746405, 16742661, 18152860"
72095373,характеристика: россия,8,"16746405, 16742661, 18152860"
72105483,Материал: хлопковое напыление область пр,8,"35059647, 35059629, 35417077"
72105483,характеристика: alphatec,8,"35059647, 35059629, 35417077"
72105483,характеристика: ansell,8,"35059647, 35059629, 35417077"
72105483,характеристика: supermax,8,"35059647, 35059629, 35417077"
72105483,характеристика: желтый,8,"35059647, 35059629, 35417077"
72105483,Вид: перчаток смотровые вид размера ста,8,"35059647, 35059629, 35417077"
72105483,Материал: латекс опудренные,8,"35059647, 35059629, 35417077"
72105483,Размер: 8 5-9,8,"35059647, 35059629, 35417077"
72105483,характеристика: 9 м,8,"35059647, 35059629, 35417077"
72105483,характеристика: . м,8,"35059647, 35059629, 35417077"
137009272,характеристика: 36 м,5,"38328828, 38328842, 38328816"
137009272,Вид: косметических средств средства для ух,5,"38328828, 38328842, 38328816"
137009272,Назначение: крем защищает кожу от неблагоприятных по,5,"38328828, 38328842, 38328816"
137009272,характеристика: 2 мл,5,"38328828, 38328842, 38328816"
137009272,Тип: средства регенерирующий активные ингр,5,"38328828, 38328842, 38328816"
137009272,Назначение: крем предназначен для защиты кожи от вод,5,"38328828, 38328842, 38328816"
137009272,Вид: косметики парфюмерии средства космети,5,"38328828, 38328842, 38328816"
137009272,Вид: продукции товары вид товаров косме,5,"38328828, 38328842, 38328816"
137009272,Тип: средства гидрофильного действия гидр,5,"38328828, 38328842, 38328816"
137009272,характеристика: 3,5,"38328828, 38328842, 38328816"
137009272,характеристика: 2 м,5,"38328828, 38328842, 38328816"
137009272,характеристика: . м,5,"38328828, 38328842, 38328816"
137009272,характеристика: россия,5,"38328828, 38328842, 38328816"
793142263,характеристика: 225 г,148,"38417928, 35618283, 35125183"
793142263,Вид: одежды куртка водонепроницаемость,148,"38417928, 35618283, 35125183"
793142263,Цвет: лимонный с васильков,148,"38417928, 35618283, 35125183"
793142263,характеристика: пвх,148,"38417928, 35618283, 35125183"
793142263,характеристика: wpl,148,"38417928, 35618283, 35125183"
793142263,характеристика: vision,148,"38417928, 35618283, 35125183"
793142263,характеристика: extra,148,"38417928, 35618283, 35125183"
793142263,Вид: ы одежды включая форменную головных уб,148,"38417928, 35618283, 35125183"
793142263,Вид: продукции товары вид товаров одежд,148,"38417928, 35618283, 35125183"
793142263,характеристика: синий,148,"38417928, 35618283, 35125183"
793142263,Цвет: флуоресцентный оранж,148,"38417928, 35618283, 35125183"
793142263,характеристика: желтый,148,"38417928, 35618283, 35125183"
793142263,Материал: поливинилхлорид материал покры,148,"38417928, 35618283, 35125183"
793142263,Вид: фурнитуры застежка молния водоупорнос,148,"38417928, 35618283, 35125183"
793142263,Нет: вид фурнитуры застежка молн,148,"38417928, 35618283, 35125183"
793142372,Цвет: темно-синий отделка,34,"31409410, 38712233, 38712209"
793142372,характеристика: оранжевый,34,"31409410, 38712233, 38712209"
793142372,Материал: лента шириной,34,"31409410, 38712233, 38712209"
793142372,характеристика: . а,34,"31409410, 38712233, 38712209"
793142372,Материал: полиэфир,34,"31409410, 38712233, 38712209"
793142372,Цвет: оранжевый вид продук,34,"31409410, 38712233, 38712209"
793142372,Вид: ы одежды включая форменную головных уб,34,"31409410, 38712233, 38712209"
793142372,Вид: атор,34,"31409410, 38712233, 38712209"
793142372,характеристика: синий,34,"31409410, 38712233, 38712209"
793142372,характеристика: пвх,34,"31409410, 38712233, 38712209"
793142372,Вид: продукции товары вид товаров одежд,34,"31409410, 38712233, 38712209"
793142372,Тип: а пукля для застежки в составе компле,34,"31409410, 38712233, 38712209"
793142372,Назначение: для защиты от растворов кислот щелочей т,34,"31409410, 38712233, 38712209"
793142372,Вид: атор техноавиа,34,"31409410, 38712233, 38712209"
793142372,Тип: защиты для защиты от сырой нефти нефт,34,"31409410, 38712233, 38712209"
793142482,характеристика: rumax,24,"16701524, 26765860, 23780244"
793142482,характеристика: invicta,24,"16701524, 26765860, 23780244"
793142482,Материал: полипропилен покрытый микропор,24,"16701524, 26765860, 23780244"
793142482,Модель: rumax,24,"16701524, 26765860, 23780244"
793142482,Вид: ы одежды специальной костюмы защитные,24,"16701524, 26765860, 23780244"
793142482,Цвет: белый электростатиче,24,"16701524, 26765860, 23780244"
793142482,характеристика: . x,24,"16701524, 26765860, 23780244"
793142482,характеристика: белый,24,"16701524, 26765860, 23780244"
793142482,Вид: продукции товары виды одежды специаль,24,"16701524, 26765860, 23780244"
793142482,характеристика: xxl,24,"16701524, 26765860, 23780244"
793142482,Назначение: комбинезон универсальный одноразового ис,24,"16701524, 26765860, 23780244"
793142482,Вид: ы одежды включая форменную головных уб,24,"16701524, 26765860, 23780244"
793142482,Размер: 2xl,24,"16701524, 26765860, 23780244"
793142482,Цвет: белый размер рост,24,"16701524, 26765860, 23780244"
793142482,Цвет: белый модель,24,"16701524, 26765860, 23780244"
793142592,Материал: ткани,157,"35216755, 34803626, 34831801"
793142592,характеристика: proban,157,"35216755, 34803626, 34831801"
793142592,Вид: защиты обеспечивают высокую защиту от,157,"35216755, 34803626, 34831801"
793142592,характеристика: 485 г,157,"35216755, 34803626, 34831801"
793142592,Вид: е вытачек и подрез под коленом улучшают,157,"35216755, 34803626, 34831801"
793142592,Вид: имости. брюки пояс со шлевками и с пу,157,"35216755, 34803626, 34831801"
793142592,характеристика: 5 см,157,"35216755, 34803626, 34831801"
793142592,характеристика: хлопок,157,"35216755, 34803626, 34831801"
793142592,Вид: продукции товары вид товаров одежд,157,"35216755, 34803626, 34831801"
793142592,Тип: а на уровне груди левой полочки и на,157,"35216755, 34803626, 34831801"
793142592,Вид: ы одежды включая форменную головных уб,157,"35216755, 34803626, 34831801"
793142592,характеристика: серый,157,"35216755, 34803626, 34831801"
793142592,Вид: отделки огнестойкая вид защиты нл,157,"35216755, 34803626, 34831801"
793142592,Назначение: костюм для защиты от повышеных температу,157,"35216755, 34803626, 34831801"
793142592,Тип: а бирюзовый модель костюм из смеша,157,"35216755, 34803626, 34831801"
793142593,Цвет: темно-синий с флуоре,523,"38732850, 37954519, 37889487"
793142593,Вид: имости в составе комплекта костюма,523,"38732850, 37954519, 37889487"
793142593,характеристика: желтый,523,"38732850, 37954519, 37889487"
793142593,Тип: ом россия производственно-внедренческое,523,"38732850, 37954519, 37889487"
793142593,характеристика: хлопок,523,"38732850, 37954519, 37889487"
793142593,характеристика: 5 см,523,"38732850, 37954519, 37889487"
793142593,Вид: имости для защиты от механических воздей,523,"38732850, 37954519, 37889487"
793142593,Вид: е жилета который пристегивается на молни,523,"38732850, 37954519, 37889487"
793142593,характеристика: оранжевый,523,"38732850, 37954519, 37889487"
793142593,характеристика: 245 г,523,"38732850, 37954519, 37889487"
793142593,Наличие: дополнительных элементов на од,523,"38732850, 37954519, 37889487"
793142593,Вид: имости вид отделки водоотталкивающая,523,"38732850, 37954519, 37889487"
793142593,Вид: имости. соответствует европейскому станд,523,"38732850, 37954519, 37889487"
793142593,Вид: имости. на куртке используется термоакти,523,"38732850, 37954519, 37889487"
793142593,Вид: одежды костюм вид отделки водоотта,523,"38732850, 37954519, 37889487"
793142702,Вид: защиты защита от паукообразных клеще,29,"37145343, 37145314, 37145340"
793142702,Цвет: васильковый вид прод,29,"37145343, 37145314, 37145340"
793142702,Вид: одежды куртка капюшон несъемный в,29,"37145343, 37145314, 37145340"
793142702,Цвет: васильковый размер,29,"37145343, 37145314, 37145340"
793142702,Вид: спецодежды костюм защитные свойства,29,"37145343, 37145314, 37145340"
793142702,Вид: продукции товары вид товаров одежд,29,"37145343, 37145314, 37145340"
793142702,характеристика: cotton,29,"37145343, 37145314, 37145340"
793142702,Вид: ы одежды включая форменную головных уб,29,"37145343, 37145314, 37145340"
793142702,характеристика: . в,29,"37145343, 37145314, 37145340"
793142702,Материал: подкладки,29,"37145343, 37145314, 37145340"
793142702,характеристика: пвх,29,"37145343, 37145314, 37145340"
793142702,характеристика: хлопок,29,"37145343, 37145314, 37145340"
793142702,Размер: 96,29,"37145343, 37145314, 37145340"
793142702,Цвет: - васильковый,29,"37145343, 37145314, 37145340"
793142702,характеристика: россия,29,"37145343, 37145314, 37145340"
793142812,Цвет: серый отделка,24,"35944562, 34190730, 34320589"
793142812,характеристика: красный,24,"35944562, 34190730, 34320589"
793142812,характеристика: серый,24,"35944562, 34190730, 34320589"
793142812,Вид: одежды куртка вид фурнитуры застеж,24,"35944562, 34190730, 34320589"
793142812,Вид: ы одежды включая форменную головных уб,24,"35944562, 34190730, 34320589"
793142812,Вид: одежды форменной куртка сигнальные эл,24,"35944562, 34190730, 34320589"
793142812,Вид: продукции товары вид товаров одежд,24,"35944562, 34190730, 34320589"
793142812,Материал: а обеспечивает хорошую видимос,24,"35944562, 34190730, 34320589"
793142812,Цвет: черно-синий вид прод,24,"35944562, 34190730, 34320589"
793142812,Цвет: светлый хаки отделка,24,"35944562, 34190730, 34320589"
793142812,Наличие: дополнительных элементов на од,24,"35944562, 34190730, 34320589"
793142812,Назначение: для защиты от общих производственных заг,24,"35944562, 34190730, 34320589"
793142812,Цвет: красный светло-серый,24,"35944562, 34190730, 34320589"
793142812,характеристика: синий,24,"35944562, 34190730, 34320589"
793142812,Размер: 52-54,24,"35944562, 34190730, 34320589"
793142813,Материал: подкладки,2242,"34841100, 34505338, 35617991"
793142813,характеристика: iii,2242,"34841100, 34505338, 35617991"
793142813,характеристика: 2 м,2242,"34841100, 34505338, 35617991"
793142813,Вид: отделки водоотталкивающая плотность,2242,"34841100, 34505338, 35617991"
793142813,характеристика: 3 шт,2242,"34841100, 34505338, 35617991"
793142813,Цвет: темно-синий цвет отд,2242,"34841100, 34505338, 35617991"
793142813,характеристика: синий,2242,"34841100, 34505338, 35617991"
793142813,характеристика: хлопок,2242,"34841100, 34505338, 35617991"
793142813,Вид: отделки масловодоотталкивающая плотно,2242,"34841100, 34505338, 35617991"
793142813,Тип: ом россия производственно-внедренческое,2242,"34841100, 34505338, 35617991"
793142813,Материал: лента см состав,2242,"34841100, 34505338, 35617991"
793142813,Вид: ы одежды включая форменную головных уб,2242,"34841100, 34505338, 35617991"
793142813,характеристика: серый,2242,"34841100, 34505338, 35617991"
793142813,характеристика: .м,2242,"34841100, 34505338, 35617991"
793142813,Цвет: отделки,2242,"34841100, 34505338, 35617991"
793143032,характеристика: хлопок,5098,"20389056, 34827618, 20130445"
793143032,Цвет: отделки,5098,"20389056, 34827618, 20130445"
793143032,характеристика: рф,5098,"20389056, 34827618, 20130445"
793143032,характеристика: 245 г,5098,"20389056, 34827618, 20130445"
793143032,Вид: ы одежды включая форменную головных уб,5098,"20389056, 34827618, 20130445"
793143032,характеристика: синий,5098,"20389056, 34827618, 20130445"
793143032,Вид: продукции товары вид товаров одежд,5098,"20389056, 34827618, 20130445"
793143032,характеристика: серый,5098,"20389056, 34827618, 20130445"
793143032,Материал: лента см состав ткани,5098,"20389056, 34827618, 20130445"
793143032,Цвет: темно-синий цвет отд,5098,"20389056, 34827618, 20130445"
793143032,Тип: ом россия производственно-внедренческое,5098,"20389056, 34827618, 20130445"
793143032,характеристика: белый,5098,"20389056, 34827618, 20130445"
793143032,характеристика: ykk,5098,"20389056, 34827618, 20130445"
793143032,характеристика: 2 в,5098,"20389056, 34827618, 20130445"
793143032,Назначение: для защиты от общих производственных заг,5098,"20389056, 34827618, 20130445"
793143142,Размер: 55,9,"22312515, 35073165, 18115350"
793143142,Материал: а подкладки,9,"22312515, 35073165, 18115350"
793143142,Вид: основного сырья волокна в составе ткан,9,"22312515, 35073165, 18115350"
793143142,Вид: одежды с подворотом вид основного сыр,9,"22312515, 35073165, 18115350"
793143142,Цвет: темно-синий состав м,9,"22312515, 35073165, 18115350"
793143142,характеристика: синий,9,"22312515, 35073165, 18115350"
793143142,характеристика: proban,9,"22312515, 35073165, 18115350"
793143142,Материал: лента состав ткани,9,"22312515, 35073165, 18115350"
793143142,Вид: имости плотность материала 225 гр м2,9,"22312515, 35073165, 18115350"
793143142,характеристика: 335 г,9,"22312515, 35073165, 18115350"
793143142,характеристика: хлопок,9,"22312515, 35073165, 18115350"
793143142,Цвет: синий отделка,9,"22312515, 35073165, 18115350"
793143142,Цвет: черный половая прина,9,"22312515, 35073165, 18115350"
793143142,Цвет: черный р,9,"22312515, 35073165, 18115350"
793143142,характеристика: wpl,9,"22312515, 35073165, 18115350"
793299344,Вид: уальной защиты от падения с высоты стра,47,"34337696, 36621982, 36616104"
793299344,Вид: ы одежды специальной средства индивид,47,"34337696, 36621982, 36616104"
793299344,характеристика: сталь,47,"34337696, 36621982, 36616104"
793299344,характеристика: vnt,47,"34337696, 36621982, 36616104"
793299344,Материал: полиэфир гальванизированная ст,47,"34337696, 36621982, 36616104"
793299344,Материал: полиамид карабины,47,"34337696, 36621982, 36616104"
793299344,Вид: е книжки что позволяет заносить и хранит,47,"34337696, 36621982, 36616104"
793299344,характеристика: . м,47,"34337696, 36621982, 36616104"
793299344,характеристика: xxl,47,"34337696, 36621982, 36616104"
793299344,Вид: ы одежды включая форменную головных уб,47,"34337696, 36621982, 36616104"
793299344,характеристика: 56 мм,47,"34337696, 36621982, 36616104"
793299344,Материал: оцинкованная сталь,47,"34337696, 36621982, 36616104"
793299344,характеристика: 66 см,47,"34337696, 36621982, 36616104"
793299344,Вид: продукции базовая страховочная привяз,47,"34337696, 36621982, 36616104"
793299344,Цвет: овое распределение л,47,"34337696, 36621982, 36616104"
793300443,Вид: ы одежды специальной белье для спецод,62,"37134689, 37254537, 38513658"
793300443,Страна: производитель рос,62,"37134689, 37254537, 38513658"
793300443,Тип: ткани основного материала хлопок цвет,62,"37134689, 37254537, 38513658"
793300443,Производитель: россия тип ткани основного мат,62,"37134689, 37254537, 38513658"
793300443,Изготовлен: ы из трикотажного полотна с эл,62,"37134689, 37254537, 38513658"
793300443,характеристика: хлопок,62,"37134689, 37254537, 38513658"
793300443,Цвет: черный плотность тка,62,"37134689, 37254537, 38513658"
793300443,Вид: продукции товары вид товаров одежд,62,"37134689, 37254537, 38513658"
793300443,Вид: ы одежды включая форменную головных уб,62,"37134689, 37254537, 38513658"
793300443,характеристика: черный,62,"37134689, 37254537, 38513658"
793300443,Цвет: черный размер рост,62,"37134689, 37254537, 38513658"
793300443,Нет: вид белья нательного компле,62,"37134689, 37254537, 38513658"
793300443,Нет: цвет черный вид продукции,62,"37134689, 37254537, 38513658"
793300443,характеристика: raschel,62,"37134689, 37254537, 38513658"
793300443,Цвет: серый меланж размер,62,"37134689, 37254537, 38513658"
793300662,характеристика: 93 м,49,"38286827, 38286879, 38513662"
793300662,характеристика: 5 па,49,"38286827, 38286879, 38513662"
793300662,характеристика: .см,49,"38286827, 38286879, 38513662"
793300662,Вид: е треугольника внизу локтевых швов закры,49,"38286827, 38286879, 38513662"
793300662,Вид: имости из световозвращающего материал,49,"38286827, 38286879, 38513662"
793300662,Материал: а позволяют сделать человека з,49,"38286827, 38286879, 38513662"
793300662,Цвет: васильковый силуэт,49,"38286827, 38286879, 38513662"
793300662,Цвет: темно-синий отделка,49,"38286827, 38286879, 38513662"
793300662,Материал: у товара,49,"38286827, 38286879, 38513662"
793300662,характеристика: красный,49,"38286827, 38286879, 38513662"
793300662,характеристика: синий,49,"38286827, 38286879, 38513662"
793300662,Тип: ом россия производственно-внедренческое,49,"38286827, 38286879, 38513662"
793300662,Вид: ы одежды включая форменную головных уб,49,"38286827, 38286879, 38513662"
793300662,Цвет: васильковый россия п,49,"38286827, 38286879, 38513662"
793300662,Цвет: трикотажа,49,"38286827, 38286879, 38513662"
793300772,Вид: ы одежды специальной средства защиты,8,"37786805, 33192170, 37979479"
793300772,Цвет: серый с черным вид п,8,"37786805, 33192170, 37979479"
793300772,Вид: продукции товары виды одежды включая,8,"37786805, 33192170, 37979479"
793300772,Цвет: черный размер универ,8,"37786805, 33192170, 37979479"
793300772,Вид: средства защиты ног наколенники матер,8,"37786805, 33192170, 37979479"
793300772,характеристика: gelenk-top,8,"37786805, 33192170, 37979479"
793300772,Назначение: для защиты работников горнодобывающей и,8,"37786805, 33192170, 37979479"
793300772,Изготовлен: а из специальной полиуретаново,8,"37786805, 33192170, 37979479"
793300772,характеристика: серый,8,"37786805, 33192170, 37979479"
793300772,Страна: производства росс,8,"37786805, 33192170, 37979479"
793300772,Вид: ы одежды включая форменную головных уб,8,"37786805, 33192170, 37979479"
793300772,Материал: корпуса,8,"37786805, 33192170, 37979479"
793300772,Материал: изделия,8,"37786805, 33192170, 37979479"
793300772,Размер: 47,8,"37786805, 33192170, 37979479"
793300772,характеристика: германия,8,"37786805, 33192170, 37979479"
793303632,характеристика: 3,7,"20217238, 38291250, 16735950"
793303632,Тип: крышки флип-топ с пластиковым контрол,7,"20217238, 38291250, 16735950"
793303632,Назначение: эффективно восстанавливает кожу рук лица,7,"20217238, 38291250, 16735950"
793303632,Вид: восстанавливающий регенерирующий крем ма,7,"20217238, 38291250, 16735950"
793303632,Вид: крем защитный гидрофобного действия масс,7,"20217238, 38291250, 16735950"
793303632,Назначение: предназначен для защиты кожи от водораст,7,"20217238, 38291250, 16735950"
793303632,характеристика: garda,7,"20217238, 38291250, 16735950"
793303632,Вид: уальной защиты кожи время действия не,7,"20217238, 38291250, 16735950"
793303632,Вид: косметических средств средства для ин,7,"20217238, 38291250, 16735950"
793303632,Тип: средства защита от пониженных темпера,7,"20217238, 38291250, 16735950"
793303632,Вид: уальной защиты кожи наличие ароматизатор,7,"20217238, 38291250, 16735950"
793303632,Назначение: предназначена для быстрой ежедневной очи,7,"20217238, 38291250, 16735950"
793303632,Вид: очищающая паста с натуральными абразивны,7,"20217238, 38291250, 16735950"
793303632,Вид: продукции товары вид товаров косме,7,"20217238, 38291250, 16735950"
793303632,Тип: средства гидрофильного действия гидр,7,"20217238, 38291250, 16735950"
793315402,Цвет: зеленый модель,37,"23707095, 20216681, 16699763"
793315402,характеристика: зеленый,37,"23707095, 20216681, 16699763"
793315402,характеристика: хлопок,37,"23707095, 20216681, 16699763"
793315402,Назначение: специальное двухслойное термобелье разра,37,"23707095, 20216681, 16699763"
793315402,Материал: а поддерживается комфортная те,37,"23707095, 20216681, 16699763"
793315402,характеристика: island,37,"23707095, 20216681, 16699763"
793315402,характеристика: cup,37,"23707095, 20216681, 16699763"
793315402,Назначение: для действий средней активности при ноше,37,"23707095, 20216681, 16699763"
793315402,Цвет: черный модель,37,"23707095, 20216681, 16699763"
793315402,характеристика: шерсть,37,"23707095, 20216681, 16699763"
793315402,Цвет: зеленый размер рост,37,"23707095, 20216681, 16699763"
793315402,характеристика: черный,37,"23707095, 20216681, 16699763"
793315402,характеристика: .м,37,"23707095, 20216681, 16699763"
793315402,характеристика: россия,37,"23707095, 20216681, 16699763"
793315842,Цвет: серый отделка,5,"1412450, 1412553, 37175727"
793315842,характеристика: красный,5,"1412450, 1412553, 37175727"
793315842,характеристика: серый,5,"1412450, 1412553, 37175727"
793315842,характеристика: россия,5,"1412450, 1412553, 37175727"
793315844,Материал: ов демисезонные воротник,29,"38950949, 37133024, 37133026"
793315844,характеристика: 4 а,29,"38950949, 37133024, 37133026"
793315844,Цвет: черно-синий размер р,29,"38950949, 37133024, 37133026"
793315844,Цвет: темно - синий вид ку,29,"38950949, 37133024, 37133026"
793315844,характеристика: .м,29,"38950949, 37133024, 37133026"
793315844,Вид: курток из текстильных материалов курт,29,"38950949, 37133024, 37133026"
793315844,Материал: ов вид товаров,29,"38950949, 37133024, 37133026"
793315844,Вид: продукции товары вид курток для взрос,29,"38950949, 37133024, 37133026"
793315844,Материал: ов,29,"38950949, 37133024, 37133026"
793315844,характеристика: синий,29,"38950949, 37133024, 37133026"
793315844,Материал: ов демисезонные наличие логоти,29,"38950949, 37133024, 37133026"
793315844,Цвет: черно-синий россия п,29,"38950949, 37133024, 37133026"
793315844,характеристика: россия,29,"38950949, 37133024, 37133026"
793315844,Тип: ом россия производственно-внедренческое,29,"38950949, 37133024, 37133026"
793316172,Материал: ов зимние капюшон,56,"35085995, 33958761, 28089163"
793316172,Назначение: для защиты от пониженных температур отде,56,"35085995, 33958761, 28089163"
793316172,Цвет: основной,56,"35085995, 33958761, 28089163"
793316172,Вид: курток из текстильных материалов курт,56,"35085995, 33958761, 28089163"
793316172,Материал: ов,56,"35085995, 33958761, 28089163"
793316172,характеристика: серый,56,"35085995, 33958761, 28089163"
793316172,Цвет: серый отделка,56,"35085995, 33958761, 28089163"
793316172,Материал: ов вид товаров,56,"35085995, 33958761, 28089163"
793316172,Вид: курток для взрослых куртки для взросл,56,"35085995, 33958761, 28089163"
793316172,характеристика: lt-membrane,56,"35085995, 33958761, 28089163"
793316172,характеристика: красный,56,"35085995, 33958761, 28089163"
793316172,Вид: продукции товары вид курток для взрос,56,"35085995, 33958761, 28089163"
793316172,характеристика: 3 шт,56,"35085995, 33958761, 28089163"
793316172,характеристика: .м,56,"35085995, 33958761, 28089163"
793316172,характеристика: . па,56,"35085995, 33958761, 28089163"
793316282,характеристика: 3 шт,9,"20497409, 20496309, 34078351"
793316282,Вид: курток с верхом из меха куртки для вз,9,"20497409, 20496309, 34078351"
793316282,Назначение: для защиты от пониженных температур возд,9,"20497409, 20496309, 34078351"
793316282,Вид: курток для взрослых куртки для взросл,9,"20497409, 20496309, 34078351"
793316282,Цвет: черный подкладка,9,"20497409, 20496309, 34078351"
793316282,Материал: опушки капюшона,9,"20497409, 20496309, 34078351"
793316282,характеристика: .м,9,"20497409, 20496309, 34078351"
793316282,характеристика: teflon,9,"20497409, 20496309, 34078351"
793316282,характеристика: оранжевый,9,"20497409, 20496309, 34078351"
793316282,характеристика: dupont,9,"20497409, 20496309, 34078351"
793316282,Цвет: темно-серый модель,9,"20497409, 20496309, 34078351"
793316282,характеристика: серый,9,"20497409, 20496309, 34078351"
793316282,Цвет: темно-серый сигнальн,9,"20497409, 20496309, 34078351"
793316282,Вид: ы одежды включая форменную головных уб,9,"20497409, 20496309, 34078351"
793316282,Вид: продукции товары вид курток для взрос,9,"20497409, 20496309, 34078351"
793316613,Вид: головных уборов шапки вид шапок ша,46,"38291266, 35634422, 34533530"
793316613,Материал: утеплителя,46,"38291266, 35634422, 34533530"
793316613,Размер: 55,46,"38291266, 35634422, 34533530"
793316613,характеристика: синий,46,"38291266, 35634422, 34533530"
793316613,Изготовлен: о в соответствии,46,"38291266, 35634422, 34533530"
793316613,характеристика: event,46,"38291266, 35634422, 34533530"
793316613,характеристика: skydd,46,"38291266, 35634422, 34533530"
793316613,характеристика: 62 в,46,"38291266, 35634422, 34533530"
793316613,характеристика: хлопок,46,"38291266, 35634422, 34533530"
793316613,Цвет: синий модель,46,"38291266, 35634422, 34533530"
793316613,Наличие: изготовлено в соответствии,46,"38291266, 35634422, 34533530"
793316613,Цвет: черный модель,46,"38291266, 35634422, 34533530"
793316613,Цвет: синий вид размера,46,"38291266, 35634422, 34533530"
793316613,Вид: ы одежды включая форменную головных уб,46,"38291266, 35634422, 34533530"
793316613,Материал: трикотажное полотно подкладка,46,"38291266, 35634422, 34533530"
793334322,Вид: бельевого изделия термобелье плотност,12,"35422744, 38164608, 38164418"
793334322,Вид: ы спортивной одежды для взрослых бель,12,"35422744, 38164608, 38164418"
793334322,Назначение: специальное двухслойное термобелье разра,12,"35422744, 38164608, 38164418"
793334322,Материал: а поддерживается комфортная те,12,"35422744, 38164608, 38164418"
793334322,характеристика: island,12,"35422744, 38164608, 38164418"
793334322,характеристика: cup,12,"35422744, 38164608, 38164418"
793334322,Цвет: черный вид продукции,12,"35422744, 38164608, 38164418"
793334322,характеристика: хлопок,12,"35422744, 38164608, 38164418"
793334322,Вид: продукции товары вид товаров одежд,12,"35422744, 38164608, 38164418"
793334322,Вид: ы одежды включая форменную головных уб,12,"35422744, 38164608, 38164418"
793334322,характеристика: черный,12,"35422744, 38164608, 38164418"
793334322,характеристика: . а,12,"35422744, 38164608, 38164418"
793334322,характеристика: шерсть,12,"35422744, 38164608, 38164418"
793334322,Цвет: черный вид размера,12,"35422744, 38164608, 38164418"
793334322,Размер: 88,12,"35422744, 38164608, 38164418"
793341142,Вид: ы джемперов свитеров для взрослых дже,10,"28873465, 28874561, 28867851"
793341142,характеристика: шерсть,10,"28873465, 28874561, 28867851"
793341142,Вид: ы одежды включая форменную головных уб,10,"28873465, 28874561, 28867851"
793341142,Цвет: черный виды джемперо,10,"28873465, 28874561, 28867851"
793341142,Цвет: черный вид товаров,10,"28873465, 28874561, 28867851"
793341142,характеристика: черный,10,"28873465, 28874561, 28867851"
793341142,Цвет: черный модель,10,"28873465, 28874561, 28867851"
793341142,Цвет: черный виды одежды,10,"28873465, 28874561, 28867851"
793341142,Цвет: черный размер рост,10,"28873465, 28874561, 28867851"
793347084,Материал: ов для защиты от внешних возде,136,"37432574, 34337699, 38007019"
793347084,Вид: средств защиты рук перчатки из полиме,136,"37432574, 34337699, 38007019"
793347084,Вид: ы одежды специальной средства защиты,136,"37432574, 34337699, 38007019"
793347084,Материал: основы,136,"37432574, 34337699, 38007019"
793347084,Материал: покрытия,136,"37432574, 34337699, 38007019"
793347084,Материал: перчаток,136,"37432574, 34337699, 38007019"
793347084,Вид: ы одежды включая форменную головных уб,136,"37432574, 34337699, 38007019"
793347084,Изготовлен: ия,136,"37432574, 34337699, 38007019"
793347084,Вид: внутреннего покрытия хлопковое напыле,136,"37432574, 34337699, 38007019"
793347084,Назначение: работы с замасленными и мелкими деталями,136,"37432574, 34337699, 38007019"
793347084,Вид: продукции товары вид товаров одежд,136,"37432574, 34337699, 38007019"
793347084,характеристика: китай,136,"37432574, 34337699, 38007019"
793347084,характеристика: sky,136,"37432574, 34337699, 38007019"
793347084,характеристика: ansell,136,"37432574, 34337699, 38007019"
793347084,характеристика: 9 в,136,"37432574, 34337699, 38007019"
793347963,Вид: средств защиты рук перчатки трикотажн,79,"36102468, 18151108, 33191840"
793347963,Материал: перчаток,79,"36102468, 18151108, 33191840"
793347963,Вид: ы одежды специальной средства защиты,79,"36102468, 18151108, 33191840"
793347963,Назначение: для защиты рук от механических воздейств,79,"36102468, 18151108, 33191840"
793347963,характеристика: пвх,79,"36102468, 18151108, 33191840"
793347963,Материал: основы,79,"36102468, 18151108, 33191840"
793347963,Материал: покрытия,79,"36102468, 18151108, 33191840"
793347963,Изготовлен: ы из,79,"36102468, 18151108, 33191840"
793347963,характеристика: хлопок,79,"36102468, 18151108, 33191840"
793347963,Цвет: трикотажного полотна,79,"36102468, 18151108, 33191840"
793347963,Вид: ы одежды включая форменную головных уб,79,"36102468, 18151108, 33191840"
793347963,характеристика: ansell,79,"36102468, 18151108, 33191840"
793347963,характеристика: 98 м,79,"36102468, 18151108, 33191840"
793347963,Изготовлен: ы из комбинированного сырья,79,"36102468, 18151108, 33191840"
793347963,характеристика: antistatic,79,"36102468, 18151108, 33191840"
793347964,Вид: средств защиты рук рукавицы краги для,21,"37478832, 34797144, 37432882"
793347964,Вид: ы одежды специальной средства защиты,21,"37478832, 34797144, 37432882"
793347964,Материал: подкладки,21,"37478832, 34797144, 37432882"
793347964,характеристика: jamboo,21,"37478832, 34797144, 37432882"
793347964,Назначение: для сварочных работ всех видов работ с р,21,"37478832, 34797144, 37432882"
793347964,Материал: изделия,21,"37478832, 34797144, 37432882"
793347964,Вид: ы одежды включая форменную головных уб,21,"37478832, 34797144, 37432882"
793347964,характеристика: коричневый,21,"37478832, 34797144, 37432882"
793347964,характеристика: kevlar,21,"37478832, 34797144, 37432882"
793347964,Вид: продукции товары вид товаров одежд,21,"37478832, 34797144, 37432882"
793347964,Цвет: бежево-коричневый цв,21,"37478832, 34797144, 37432882"
793347964,Вид: утеплителя тинсулейт 3м вид продукц,21,"37478832, 34797144, 37432882"
793347964,Нет: необходимости снимать рукавицы,21,"37478832, 34797144, 37432882"
793347964,характеристика: 36 см,21,"37478832, 34797144, 37432882"
793347964,характеристика: 4 мм,21,"37478832, 34797144, 37432882"
793348072,Вид: ы брюк джинсов для взрослых брюки для,286,"34776484, 35186990, 18308073"
793348072,характеристика: хлопок,286,"34776484, 35186990, 18308073"
793348072,характеристика: .м,286,"34776484, 35186990, 18308073"
793348072,Назначение: для защиты от общих производственных заг,286,"34776484, 35186990, 18308073"
793348072,Цвет: светло-серый пояс,286,"34776484, 35186990, 18308073"
793348072,характеристика: серый,286,"34776484, 35186990, 18308073"
793348072,характеристика: 245 г,286,"34776484, 35186990, 18308073"
793348072,Назначение: не является медицинским изделием плотнос,286,"34776484, 35186990, 18308073"
793348072,характеристика: розовый,286,"34776484, 35186990, 18308073"
793348072,Вид: ы одежды включая форменную головных уб,286,"34776484, 35186990, 18308073"
793348072,Материал: а состав,286,"34776484, 35186990, 18308073"
793348072,Вид: продукции товары вид товаров одежд,286,"34776484, 35186990, 18308073"
793348072,Цвет: серый цвет отделки,286,"34776484, 35186990, 18308073"
793348072,Цвет: темно-серый модель,286,"34776484, 35186990, 18308073"
793348072,характеристика: синий,286,"34776484, 35186990, 18308073"
793348073,Материал: перчаток,5,"37435896, 36968500, 38019641"
793348073,Вид: средств защиты рук перчатки швейные д,5,"37435896, 36968500, 38019641"
793348073,характеристика: defender,5,"37435896, 36968500, 38019641"
793348073,Вид: ы одежды специальной средства защиты,5,"37435896, 36968500, 38019641"
793348073,характеристика: пвх,5,"37435896, 36968500, 38019641"
793348073,характеристика: кожа,5,"37435896, 36968500, 38019641"
793348073,Цвет: белый количество,5,"37435896, 36968500, 38019641"
793348073,характеристика: velcro,5,"37435896, 36968500, 38019641"
793348073,Тип: манжеты велькро velcro цвет черн,5,"37435896, 36968500, 38019641"
793348073,Длина: 23,5,"37435896, 36968500, 38019641"
793348073,характеристика: китай,5,"37435896, 36968500, 38019641"
793348073,Цвет: черный с желтой отде,5,"37435896, 36968500, 38019641"
793348073,характеристика: vibe,5,"37435896, 36968500, 38019641"
793348073,Вид: продукции товары вид товаров одежд,5,"37435896, 36968500, 38019641"
793348073,Вид: ы одежды включая форменную головных уб,5,"37435896, 36968500, 38019641"
793348842,Наличие: карманов накладные боковые,20,"35055135, 35055165, 35055154"
793348842,Цвет: темно-синий цвет отд,20,"35055135, 35055165, 35055154"
793348842,характеристика: . а,20,"35055135, 35055165, 35055154"
793348842,характеристика: оранжевый,20,"35055135, 35055165, 35055154"
793348842,характеристика: синий,20,"35055135, 35055165, 35055154"
793348842,Вид: ы одежды специальной халаты производс,20,"35055135, 35055165, 35055154"
793348842,характеристика: tencel,20,"35055135, 35055165, 35055154"
793348842,Цвет: белый вид продукции,20,"35055135, 35055165, 35055154"
793348842,характеристика: белый,20,"35055135, 35055165, 35055154"
793348842,Вид: продукции товары вид товаров одежд,20,"35055135, 35055165, 35055154"
793348842,Вид: ы одежды включая форменную головных уб,20,"35055135, 35055165, 35055154"
793348842,характеристика: россия,20,"35055135, 35055165, 35055154"
793348842,Размер: 92,20,"35055135, 35055165, 35055154"
793357683,Вид: застежки на пуговицы плотность ткани,13,"28463712, 33810707, 33812131"
793357683,характеристика: хлопок,13,"28463712, 33810707, 33812131"
793357683,Цвет: белый модель,13,"28463712, 33810707, 33812131"
793357683,характеристика: .м,13,"28463712, 33810707, 33812131"
793357683,характеристика: белый,13,"28463712, 33810707, 33812131"
793357683,Цвет: бирюзовый модель,13,"28463712, 33810707, 33812131"
793357683,Вид: рубашек сорочек для взрослых блузки,13,"28463712, 33810707, 33812131"
793357683,Цвет: сильвер,13,"28463712, 33810707, 33812131"
793357683,Цвет: серый вид продукции,13,"28463712, 33810707, 33812131"
793357683,Вид: основного сырья волокна в составе ткан,13,"28463712, 33810707, 33812131"
793357683,характеристика: 2 м,13,"28463712, 33810707, 33812131"
793357683,характеристика: серый,13,"28463712, 33810707, 33812131"
793357683,Вид: продукции товары вид товаров одежд,13,"28463712, 33810707, 33812131"
793357683,Вид: ы одежды включая форменную головных уб,13,"28463712, 33810707, 33812131"
793357683,характеристика: россия,13,"28463712, 33810707, 33812131"
793357687,характеристика: хлопок,52,"33809828, 35096264, 38512452"
793357687,Вид: застежки на пуговицы воротник отло,52,"33809828, 35096264, 38512452"
793357687,Вид: рубашек сорочек для взрослых сорочк,52,"33809828, 35096264, 38512452"
793357687,Цвет: синяя модель,52,"33809828, 35096264, 38512452"
793357687,Цвет: белый модель,52,"33809828, 35096264, 38512452"
793357687,характеристика: белый,52,"33809828, 35096264, 38512452"
793357687,Цвет: черный размер рост,52,"33809828, 35096264, 38512452"
793357687,Вид: продукции товары вид товаров одежд,52,"33809828, 35096264, 38512452"
793357687,Вид: ы одежды включая форменную головных уб,52,"33809828, 35096264, 38512452"
793357687,характеристика: 2 в,52,"33809828, 35096264, 38512452"
793357687,Цвет: черный вид продукции,52,"33809828, 35096264, 38512452"
793357687,характеристика: синий,52,"33809828, 35096264, 38512452"
793357687,Цвет: зеленый плотность,52,"33809828, 35096264, 38512452"
793357687,Цвет: васильковый вид прод,52,"33809828, 35096264, 38512452"
793357687,характеристика: россия,52,"33809828, 35096264, 38512452"
793357691,Размер: 54-62,49,"38036212, 34293312, 38001452"
793357691,Вид: ы уборов головных летних демисезонных,49,"38036212, 34293312, 38001452"
793357691,характеристика: хлопок,49,"38036212, 34293312, 38001452"
793357691,характеристика: 62 в,49,"38036212, 34293312, 38001452"
793357691,характеристика: синий,49,"38036212, 34293312, 38001452"
793357691,Вид: ы одежды включая форменную головных уб,49,"38036212, 34293312, 38001452"
793357691,Вид: продукции товары вид товаров одежд,49,"38036212, 34293312, 38001452"
793357691,Цвет: темно-синий вид прод,49,"38036212, 34293312, 38001452"
793357691,Материал: основы,49,"38036212, 34293312, 38001452"
793357691,характеристика: 62 м,49,"38036212, 34293312, 38001452"
793357691,характеристика: серый,49,"38036212, 34293312, 38001452"
793357691,характеристика: 59 см,49,"38036212, 34293312, 38001452"
793357691,Цвет: морская волна с бирю,49,"38036212, 34293312, 38001452"
793357691,характеристика: 2 а,49,"38036212, 34293312, 38001452"
793357691,Цвет: белый описание,49,"38036212, 34293312, 38001452"
793357705,характеристика: ffp2,51,"37132904, 18311810, 1462708"
793357705,Вид: ы одежды специальной респираторы моде,51,"37132904, 18311810, 1462708"
793357705,характеристика: unix,51,"37132904, 18311810, 1462708"
793357705,Цвет: товара,51,"37132904, 18311810, 1462708"
793357705,характеристика: силикон,51,"37132904, 18311810, 1462708"
793357705,Вид: ы одежды включая форменную головных уб,51,"37132904, 18311810, 1462708"
793357705,Вид: полумаска фильтрующая респиратор класс,51,"37132904, 18311810, 1462708"
793357705,Вид: продукции товары вид товаров одежд,51,"37132904, 18311810, 1462708"
793357705,характеристика: mfa,51,"37132904, 18311810, 1462708"
793357705,Тип: защиты ffp2 тип респиратора неформ,51,"37132904, 18311810, 1462708"
793357705,характеристика: aura,51,"37132904, 18311810, 1462708"
793357705,Назначение: для защиты органов дыхания от высоко- и,51,"37132904, 18311810, 1462708"
793357705,Материал: лицевой части,51,"37132904, 18311810, 1462708"
793357705,характеристика: турция,51,"37132904, 18311810, 1462708"
793357705,характеристика: 3м,51,"37132904, 18311810, 1462708"
793358153,характеристика: termotrek,56,"34337698, 38137201, 35680270"
793358153,Вид: средств защиты головы лица глаз органа с,56,"34337698, 38137201, 35680270"
793358153,характеристика: rapid,56,"34337698, 38137201, 35680270"
793358153,Материал: изготовления,56,"34337698, 38137201, 35680270"
793358153,характеристика: 65 см,56,"34337698, 38137201, 35680270"
793358153,характеристика: favori,56,"34337698, 38137201, 35680270"
793358153,Вид: ы одежды специальной средства защиты,56,"34337698, 38137201, 35680270"
793358153,Материал: корпуса,56,"34337698, 38137201, 35680270"
793358153,Материал: оголовья,56,"34337698, 38137201, 35680270"
793358153,характеристика: белый,56,"34337698, 38137201, 35680270"
793358153,характеристика: uvex,56,"34337698, 38137201, 35680270"
793358153,характеристика: . в,56,"34337698, 38137201, 35680270"
793358153,характеристика: текстиль,56,"34337698, 38137201, 35680270"
793358153,характеристика: рф,56,"34337698, 38137201, 35680270"
793358153,Цвет: белый модель,56,"34337698, 38137201, 35680270"
793358157,Цвет: линз,50,"34773780, 34640818, 1426391"
793358157,Материал: линзы,50,"34773780, 34640818, 1426391"
793358157,характеристика: supravision,50,"34773780, 34640818, 1426391"
793358157,Вид: средств защиты головы лица глаз органа с,50,"34773780, 34640818, 1426391"
793358157,характеристика: uvex,50,"34773780, 34640818, 1426391"
793358157,Вид: ы одежды специальной средства защиты,50,"34773780, 34640818, 1426391"
793358157,характеристика: univet,50,"34773780, 34640818, 1426391"
793358157,Цвет: оправы,50,"34773780, 34640818, 1426391"
793358157,характеристика: strongglass,50,"34773780, 34640818, 1426391"
793358157,характеристика: 45 м,50,"34773780, 34640818, 1426391"
793358157,характеристика: . в,50,"34773780, 34640818, 1426391"
793358157,характеристика: германия,50,"34773780, 34640818, 1426391"
793358157,Вид: прочего инвентаря очки защита от запо,50,"34773780, 34640818, 1426391"
793358157,характеристика: super,50,"34773780, 34640818, 1426391"
793358157,характеристика: panorama,50,"34773780, 34640818, 1426391"
793358161,характеристика: 365 г,15,"38462742, 22257513, 34636416"
793358161,Назначение: подшлемника для защиты головы органов,15,"38462742, 22257513, 34636416"
793358161,Цвет: лицевая сторона,15,"38462742, 22257513, 34636416"
793358161,Материал: флис,15,"38462742, 22257513, 34636416"
793358161,Вид: средств защиты головы лица глаз органа с,15,"38462742, 22257513, 34636416"
793358161,Размер: 54,15,"38462742, 22257513, 34636416"
793358161,Вид: ы одежды специальной средства защиты,15,"38462742, 22257513, 34636416"
793358161,характеристика: синий,15,"38462742, 22257513, 34636416"
793358161,Вид: защитного свойства подшлемника от бры,15,"38462742, 22257513, 34636416"
793358161,Тип: средства защиты головы подшлемник мод,15,"38462742, 22257513, 34636416"
793358161,характеристика: . л,15,"38462742, 22257513, 34636416"
793358161,характеристика: 59 м,15,"38462742, 22257513, 34636416"
793358161,характеристика: черный,15,"38462742, 22257513, 34636416"
793358161,характеристика: хлопок,15,"38462742, 22257513, 34636416"
793358161,Вид: основного сырья волокна в составе ткан,15,"38462742, 22257513, 34636416"
793358163,характеристика: snr,17,"34880067, 37307785, 34135939"
793358163,Вид: средств защиты головы лица глаз органа с,17,"34880067, 37307785, 34135939"
793358163,Вид: ы одежды специальной средства защиты,17,"34880067, 37307785, 34135939"
793358163,характеристика: пластик,17,"34880067, 37307785, 34135939"
793358163,Изготовлен: ы из абс-пластика устойчивы к,17,"34880067, 37307785, 34135939"
793358163,Назначение: предназначены для снижения уровня шума ц,17,"34880067, 37307785, 34135939"
793358163,Вид: оголовья складное вид прочего инвента,17,"34880067, 37307785, 34135939"
793358163,Изготовлен: ы из прочного абс-пластика уст,17,"34880067, 37307785, 34135939"
793358163,характеристика: peltor,17,"34880067, 37307785, 34135939"
793358163,характеристика: optime,17,"34880067, 37307785, 34135939"
793358163,характеристика: verishield,17,"34880067, 37307785, 34135939"
793358163,Вид: уальной упаковке,17,"34880067, 37307785, 34135939"
793358163,характеристика: max,17,"34880067, 37307785, 34135939"
793358163,характеристика: . в,17,"34880067, 37307785, 34135939"
793358163,характеристика: желтый,17,"34880067, 37307785, 34135939"
793358167,Вид: средств защиты головы лица глаз органа с,16,"16470634, 37259991, 38865042"
793358167,Вид: ы одежды специальной средства защиты,16,"16470634, 37259991, 38865042"
793358167,Цвет: прозрачный модель,16,"16470634, 37259991, 38865042"
793358167,характеристика: 445 г,16,"16470634, 37259991, 38865042"
793358167,характеристика: din,16,"16470634, 37259991, 38865042"
793358167,характеристика: titan,16,"16470634, 37259991, 38865042"
793358167,Материал: корпуса,16,"16470634, 37259991, 38865042"
793358167,характеристика: rapid,16,"16470634, 37259991, 38865042"
793358167,характеристика: . в,16,"16470634, 37259991, 38865042"
793358167,характеристика: favori,16,"16470634, 37259991, 38865042"
793358167,Вид: ы одежды включая форменную головных уб,16,"16470634, 37259991, 38865042"
793358167,Вид: продукции товары вид товаров одежд,16,"16470634, 37259991, 38865042"
793358167,Масса: 445 г,16,"16470634, 37259991, 38865042"
793358167,характеристика: energo,16,"16470634, 37259991, 38865042"
793358167,Материал: оптически прозрачный термостой,16,"16470634, 37259991, 38865042"
793369836,Вид: товаров гигиенические средства виды п,6,"37307744, 34727420, 37307775"
793369836,Цвет: белое ширина,6,"37307744, 34727420, 37307775"
793369836,Вид: продукции товары вид товаров гигие,6,"37307744, 34727420, 37307775"
793369836,Вид: ы предметов гигиены полотенца текстил,6,"37307744, 34727420, 37307775"
793369836,Цвет: темно-бордовый вид п,6,"37307744, 34727420, 37307775"
793369836,Назначение: для рук и лица цвет синий вид продукц,6,"37307744, 34727420, 37307775"
793369836,Тип: материала вафельное модель полотен,6,"37307744, 34727420, 37307775"
793369836,Цвет: белый ширина,6,"37307744, 34727420, 37307775"
793369836,Цвет: синий вид продукции,6,"37307744, 34727420, 37307775"
793369836,характеристика: 2 м,6,"37307744, 34727420, 37307775"
793369836,характеристика: хлопок,6,"37307744, 34727420, 37307775"
793369836,характеристика: белый,6,"37307744, 34727420, 37307775"
793369836,характеристика: синий,6,"37307744, 34727420, 37307775"
793369836,характеристика: россия,6,"37307744, 34727420, 37307775"
793370428,характеристика: vnt,8,"35499096, 38711865, 38711864"
793370428,характеристика: сталь,8,"35499096, 38711865, 38711864"
793370428,Материал: полиэфирный канат модель,8,"35499096, 38711865, 38711864"
793370428,Цвет: желтый черный статич,8,"35499096, 38711865, 38711864"
793370428,Назначение: элемента альпинистского снаряжения пр,8,"35499096, 38711865, 38711864"
793370428,Назначение: строп предназначен для организации удерж,8,"35499096, 38711865, 38711864"
793370428,Масса: 65 г,8,"35499096, 38711865, 38711864"
793370428,Материал: оцинкованная сталь температура,8,"35499096, 38711865, 38711864"
793370428,Материал: полиамид сталь обхват пояса,8,"35499096, 38711865, 38711864"
793370428,характеристика: 72 см,8,"35499096, 38711865, 38711864"
793370428,характеристика: 5°c,8,"35499096, 38711865, 38711864"
793370428,Тип: манжеты крага цвет белый размер,8,"35499096, 38711865, 38711864"
793370428,Материал: лицевая коровья кожа особеннос,8,"35499096, 38711865, 38711864"
793370428,характеристика: m-xl,8,"35499096, 38711865, 38711864"
793370428,Материал: полиамид ширина,8,"35499096, 38711865, 38711864"
793370434,Материал: покрытия,148,"28080807, 35803289, 18358898"
793370434,Материал: основы,148,"28080807, 35803289, 18358898"
793370434,характеристика: ansell,148,"28080807, 35803289, 18358898"
793370434,характеристика: hyflex,148,"28080807, 35803289, 18358898"
793370434,характеристика: alphatec,148,"28080807, 35803289, 18358898"
793370434,Тип: застежек лента-липучка цвет флуоре,148,"28080807, 35803289, 18358898"
793370434,характеристика: желтый,148,"28080807, 35803289, 18358898"
793370434,характеристика: 265 мм,148,"28080807, 35803289, 18358898"
793370434,характеристика: китай,148,"28080807, 35803289, 18358898"
793370434,Цвет: флуоресцентный оранж,148,"28080807, 35803289, 18358898"
793370434,характеристика: 5 см,148,"28080807, 35803289, 18358898"
793370434,характеристика: оранжевый,148,"28080807, 35803289, 18358898"
793370434,Назначение: работы на топливозаправочных станциях на,148,"28080807, 35803289, 18358898"
793370434,Цвет: флуоресцентный желты,148,"28080807, 35803289, 18358898"
793370434,характеристика: sky,148,"28080807, 35803289, 18358898"
793370560,характеристика: conte,16,"20822789, 19589571, 19677903"
793370560,характеристика: solo,16,"20822789, 19589571, 19677903"
793370560,Страна: производитель бел,16,"20822789, 19589571, 19677903"
793370560,Цвет: бежевый модель,16,"20822789, 19589571, 19677903"
793370560,характеристика: den,16,"20822789, 19589571, 19677903"
793370560,характеристика: бежевый,16,"20822789, 19589571, 19677903"
793370560,характеристика: nuance,16,"20822789, 19589571, 19677903"
793370560,Материал: полиамид эластан плотность,16,"20822789, 19589571, 19677903"
793370560,характеристика: elegant,16,"20822789, 19589571, 19677903"
793370560,Производитель: беларусь цвет черный модель,16,"20822789, 19589571, 19677903"
793370560,Производитель: беларусь состав 87 - полиам,16,"20822789, 19589571, 19677903"
793370560,характеристика: lady,16,"20822789, 19589571, 19677903"
793370560,характеристика: vita,16,"20822789, 19589571, 19677903"
793370560,характеристика: golden,16,"20822789, 19589571, 19677903"
793370560,Производитель: беларусь состав полиамид и,16,"20822789, 19589571, 19677903"
793370562,Вид: ы изделий чулочно-носочных носки подс,19,"35892104, 35892085, 35892101"
793370562,характеристика: cup,19,"35892104, 35892085, 35892101"
793370562,характеристика: island,19,"35892104, 35892085, 35892101"
793370562,Вид: продукции товары вид товаров галан,19,"35892104, 35892085, 35892101"
793370562,характеристика: шерсть,19,"35892104, 35892085, 35892101"
793370562,характеристика: wintertech,19,"35892104, 35892085, 35892101"
793370562,Цвет: черные вид размера,19,"35892104, 35892085, 35892101"
793370562,характеристика: 5л,19,"35892104, 35892085, 35892101"
793370562,Размер: 29,19,"35892104, 35892085, 35892101"
793370562,Страна: происхождения рос,19,"35892104, 35892085, 35892101"
793370562,характеристика: черный,19,"35892104, 35892085, 35892101"
793370562,характеристика: хлопок,19,"35892104, 35892085, 35892101"
793370562,Цвет: черные синие вид раз,19,"35892104, 35892085, 35892101"
793370562,характеристика: 29 в,19,"35892104, 35892085, 35892101"
793370562,Размер: 25 м,19,"35892104, 35892085, 35892101"
793370566,Назначение: рекомендуются для сотрудников охранных п,12,"22291179, 35087406, 35086202"
793370566,Тип: застежки шнурки цвет черный модель,12,"22291179, 35087406, 35086202"
793370566,характеристика: j-tex,12,"22291179, 35087406, 35086202"
793370566,характеристика: кожа,12,"22291179, 35087406, 35086202"
793370566,Материал: верха обуви,12,"22291179, 35087406, 35086202"
793370566,Материал: подкладки,12,"22291179, 35087406, 35086202"
793370566,Цвет: черный модель,12,"22291179, 35087406, 35086202"
793370566,характеристика: черный,12,"22291179, 35087406, 35086202"
793370566,Да: половой признак мужской раз,12,"22291179, 35087406, 35086202"
793370566,характеристика: 32 см,12,"22291179, 35087406, 35086202"
793370566,Размер: 44,12,"22291179, 35087406, 35086202"
793370566,Страна: происхождения рос,12,"22291179, 35087406, 35086202"
793370566,Цвет: черный верх обуви,12,"22291179, 35087406, 35086202"
793370566,характеристика: резина,12,"22291179, 35087406, 35086202"
793370566,характеристика: россия,12,"22291179, 35087406, 35086202"
793370572,Материал: ов цвет,58,"34825719, 34337489, 34826964"
793370572,Материал: ов подошва,58,"34825719, 34337489, 34826964"
793370572,Материал: ов подносок,58,"34825719, 34337489, 34826964"
793370572,характеристика: кожа,58,"34825719, 34337489, 34826964"
793370572,Цвет: черный с синим подкл,58,"34825719, 34337489, 34826964"
793370572,характеристика: uruguay,58,"34825719, 34337489, 34826964"
793370572,Материал: верха обуви,58,"34825719, 34337489, 34826964"
793370572,характеристика: fast,58,"34825719, 34337489, 34826964"
793370572,характеристика: boa,58,"34825719, 34337489, 34826964"
793370572,Материал: верха,58,"34825719, 34337489, 34826964"
793370572,Цвет: синий размер,58,"34825719, 34337489, 34826964"
793370572,характеристика: vibram,58,"34825719, 34337489, 34826964"
793370572,характеристика: gore-tex,58,"34825719, 34337489, 34826964"
793370572,характеристика: синий,58,"34825719, 34337489, 34826964"
793370572,характеристика: италия,58,"34825719, 34337489, 34826964"
793370578,Материал: верха обуви,29,"17019420, 34773821, 34773816"
793370578,Назначение: рекомендованы для эксплуатации во ii iii,29,"17019420, 34773821, 34773816"
793370578,Материал: подошвы,29,"17019420, 34773821, 34773816"
793370578,характеристика: шерсть,29,"17019420, 34773821, 34773816"
793370578,характеристика: резина,29,"17019420, 34773821, 34773816"
793370578,характеристика: iii,29,"17019420, 34773821, 34773816"
793370578,характеристика: salma,29,"17019420, 34773821, 34773816"
793370578,характеристика: lbl,29,"17019420, 34773821, 34773816"
793370578,Цвет: изделия,29,"17019420, 34773821, 34773816"
793370578,Цвет: серый модель,29,"17019420, 34773821, 34773816"
793370578,характеристика: кожа,29,"17019420, 34773821, 34773816"
793370578,характеристика: серый,29,"17019420, 34773821, 34773816"
793370578,Размер: 32,29,"17019420, 34773821, 34773816"
793370578,Цвет: серый материал подош,29,"17019420, 34773821, 34773816"
793370578,Материал: натуральная шерсть процент,29,"17019420, 34773821, 34773816"
793370580,Материал: верха,298,"34829617, 34825532, 34906150"
793370580,Материал: подошвы,298,"34829617, 34825532, 34906150"
793370580,характеристика: micro,298,"34829617, 34825532, 34906150"
793370580,Материал: верха обуви,298,"34829617, 34825532, 34906150"
793370580,характеристика: pro,298,"34829617, 34825532, 34906150"
793370580,Высота: 38 см,298,"34829617, 34825532, 34906150"
793370580,характеристика: пвх,298,"34829617, 34825532, 34906150"
793370580,характеристика: steam,298,"34829617, 34825532, 34906150"
793370580,Цвет: белый,298,"34829617, 34825532, 34906150"
793370580,Вид: ы обуви обувь с защитным металлически,298,"34829617, 34825532, 34906150"
793370580,характеристика: txzero,298,"34829617, 34825532, 34906150"
793370580,характеристика: orange,298,"34829617, 34825532, 34906150"
793370580,характеристика: purofort,298,"34829617, 34825532, 34906150"
793370580,характеристика: artico,298,"34829617, 34825532, 34906150"
793370580,характеристика: tyre,298,"34829617, 34825532, 34906150"
793370590,Тип: а а также в открытых при условии отсутст,6,"16712526, 17169790, 37896113"
793370590,Назначение: боты обеспечивают дополнительную защиту,6,"16712526, 17169790, 37896113"
793370590,Вид: обуви боты диэлектрические защитные с,6,"16712526, 17169790, 37896113"
793370590,характеристика: резина,6,"16712526, 17169790, 37896113"
793370590,Материал: верха обуви,6,"16712526, 17169790, 37896113"
793370590,Вид: товара боты диэлектрические модель,6,"16712526, 17169790, 37896113"
793370590,Материал: резина процент,6,"16712526, 17169790, 37896113"
793370590,Вид: товара боты метод крепления формов,6,"16712526, 17169790, 37896113"
793370590,Материал: подошвы,6,"16712526, 17169790, 37896113"
793370590,Размер: 45,6,"16712526, 17169790, 37896113"
793370590,Вид: ы обуви специальной обувь специальная,6,"16712526, 17169790, 37896113"
793370590,Вид: продукции товары виды обуви обувь,6,"16712526, 17169790, 37896113"
793370590,характеристика: 45 м,6,"16712526, 17169790, 37896113"
793370590,характеристика: 46 в,6,"16712526, 17169790, 37896113"
793370590,характеристика: россия,6,"16712526, 17169790, 37896113"
793370592,Материал: ов для защиты от механических,65,"36736115, 38074040, 34852320"
793370592,Вид: ы обуви обувь специальная виды обуви,65,"36736115, 38074040, 34852320"
793370592,характеристика: пвх,65,"36736115, 38074040, 34852320"
793370592,характеристика: 383 мм,65,"36736115, 38074040, 34852320"
793370592,Высота: 383 мм,65,"36736115, 38074040, 34852320"
793370592,Цвет: оливковый масса,65,"36736115, 38074040, 34852320"
793370592,Вид: обувь сапоги являются водонепроницаем,65,"36736115, 38074040, 34852320"
793370592,характеристика: fire,65,"36736115, 38074040, 34852320"
793370592,характеристика: clan,65,"36736115, 38074040, 34852320"
793370592,характеристика: thinsulate,65,"36736115, 38074040, 34852320"
793370592,Цвет: черный подошва,65,"36736115, 38074040, 34852320"
793370592,характеристика: синий,65,"36736115, 38074040, 34852320"
793370592,характеристика: ice,65,"36736115, 38074040, 34852320"
793370592,характеристика: vibram,65,"36736115, 38074040, 34852320"
793370592,характеристика: 4x,65,"36736115, 38074040, 34852320"
793370594,характеристика: кожа,1039,"35422433, 35421733, 34640729"
793370594,характеристика: рф,1039,"35422433, 35421733, 34640729"
793370594,Материал: подошвы,1039,"35422433, 35421733, 34640729"
793370594,Материал: верха обуви,1039,"35422433, 35421733, 34640729"
793370594,Материал: стельки,1039,"35422433, 35421733, 34640729"
793370594,характеристика: черный,1039,"35422433, 35421733, 34640729"
793370594,характеристика: retor,1039,"35422433, 35421733, 34640729"
793370594,Материал: кожа натуральная материал подо,1039,"35422433, 35421733, 34640729"
793370594,характеристика: steam,1039,"35422433, 35421733, 34640729"
793370594,характеристика: artico,1039,"35422433, 35421733, 34640729"
793370594,характеристика: coolmax,1039,"35422433, 35421733, 34640729"
793370594,Вид: ы обуви обувь специальная виды обуви,1039,"35422433, 35421733, 34640729"
793370594,характеристика: резина,1039,"35422433, 35421733, 34640729"
793370594,характеристика: dermodry,1039,"35422433, 35421733, 34640729"
793370594,характеристика: por,1039,"35422433, 35421733, 34640729"
793370596,Вид: ы обуви обувь специальная виды обуви,132,"28461848, 38093454, 36026746"
793370596,характеристика: кожа,132,"28461848, 38093454, 36026746"
793370596,Цвет: черный подошва,132,"28461848, 38093454, 36026746"
793370596,характеристика: vibram,132,"28461848, 38093454, 36026746"
793370596,характеристика: резина,132,"28461848, 38093454, 36026746"
793370596,Имеется: отделка из световозвращающего,132,"28461848, 38093454, 36026746"
793370596,характеристика: италия,132,"28461848, 38093454, 36026746"
793370596,характеристика: черный,132,"28461848, 38093454, 36026746"
793370596,характеристика: mg,132,"28461848, 38093454, 36026746"
793370596,Цвет: черный защитные свой,132,"28461848, 38093454, 36026746"
793370596,характеристика: alutherm,132,"28461848, 38093454, 36026746"
793370596,характеристика: thinsulate,132,"28461848, 38093454, 36026746"
793370596,Изготовлен: ы литьевым методом крепления п,132,"28461848, 38093454, 36026746"
793370596,характеристика: i-ii,132,"28461848, 38093454, 36026746"
793370596,Материал: а подошва,132,"28461848, 38093454, 36026746"
793370598,характеристика: кожа,66,"37652892, 37879418, 34976417"
793370598,Материал: подошвы,66,"37652892, 37879418, 34976417"
793370598,характеристика: резина,66,"37652892, 37879418, 34976417"
793370598,Вид: ы обуви обувь специальная виды обуви,66,"37652892, 37879418, 34976417"
793370598,Назначение: обуви в зависимости от защитных свойств,66,"37652892, 37879418, 34976417"
793370598,Цвет: черный подошва,66,"37652892, 37879418, 34976417"
793370598,Вид: застежки шнурки вид обуви по высоте з,66,"37652892, 37879418, 34976417"
793370598,Вид: обуви по сезонности неутепленная вид,66,"37652892, 37879418, 34976417"
793370598,Материал: верха обуви,66,"37652892, 37879418, 34976417"
793370598,характеристика: металл,66,"37652892, 37879418, 34976417"
793370598,Цвет: черный материал подо,66,"37652892, 37879418, 34976417"
793370598,Материал: стельки,66,"37652892, 37879418, 34976417"
793370598,характеристика: черный,66,"37652892, 37879418, 34976417"
793370598,Материал: а техноавиа р,66,"37652892, 37879418, 34976417"
793370598,Цвет: - черный россия прои,66,"37652892, 37879418, 34976417"
793370600,характеристика: dermodry,17,"37950167, 26775659, 35382235"
793370600,характеристика: coolmax,17,"37950167, 26775659, 35382235"
793370600,характеристика: steam,17,"37950167, 26775659, 35382235"
793370600,характеристика: camille,17,"37950167, 26775659, 35382235"
793370600,характеристика: mesh,17,"37950167, 26775659, 35382235"
793370600,Цвет: белый верх обуви,17,"37950167, 26775659, 35382235"
793370600,характеристика: кожа,17,"37950167, 26775659, 35382235"
793370600,Материал: подошвы,17,"37950167, 26775659, 35382235"
793370600,Вид: ы обуви обувь специальная виды обуви,17,"37950167, 26775659, 35382235"
793370600,характеристика: резина,17,"37950167, 26775659, 35382235"
793370600,Цвет: черный модель,17,"37950167, 26775659, 35382235"
793370600,характеристика: белый,17,"37950167, 26775659, 35382235"
793370600,характеристика: китай,17,"37950167, 26775659, 35382235"
793370600,Материал: верха,17,"37950167, 26775659, 35382235"
793370600,Материал: верха обуви,17,"37950167, 26775659, 35382235"
793370602,характеристика: пвх,220,"16646410, 36204509, 34880161"
793370602,Материал: подошвы,220,"16646410, 36204509, 34880161"
793370602,Вид: ы обуви специальной сапоги резиновые,220,"16646410, 36204509, 34880161"
793370602,Материал: верха,220,"16646410, 36204509, 34880161"
793370602,Вид: товаров обувь виды обуви обувь спе,220,"16646410, 36204509, 34880161"
793370602,Назначение: сапог для защиты от воды и растворов,220,"16646410, 36204509, 34880161"
793370602,Материал: верха обуви,220,"16646410, 36204509, 34880161"
793370602,характеристика: 22 мм,220,"16646410, 36204509, 34880161"
793370602,характеристика: черный,220,"16646410, 36204509, 34880161"
793370602,Изготовлен: ы из высококачественного пласт,220,"16646410, 36204509, 34880161"
793370602,характеристика: резина,220,"16646410, 36204509, 34880161"
793370602,Размер: 43,220,"16646410, 36204509, 34880161"
793370602,характеристика: boots,220,"16646410, 36204509, 34880161"
793370602,Вид: товара сапоги защитные носки компо,220,"16646410, 36204509, 34880161"
793370602,характеристика: neo,220,"16646410, 36204509, 34880161"
793370606,Нет: материал подошвы полиуретан,8,"1235018, 1235019, 1235013"
793370606,Цвет: темно-синий размер,8,"1235018, 1235019, 1235013"
793370606,Страна: происхождения рос,8,"1235018, 1235019, 1235013"
793370606,Материал: подошвы,8,"1235018, 1235019, 1235013"
793370606,Материал: верха,8,"1235018, 1235019, 1235013"
793370606,характеристика: синий,8,"1235018, 1235019, 1235013"
793370606,Размер: 39,8,"1235018, 1235019, 1235013"
793370606,Размер: 43,8,"1235018, 1235019, 1235013"
793370606,Размер: 45,8,"1235018, 1235019, 1235013"
793370606,Размер: 42,8,"1235018, 1235019, 1235013"
793370606,Размер: 46,8,"1235018, 1235019, 1235013"
793370606,Размер: 44,8,"1235018, 1235019, 1235013"
793370606,характеристика: россия,8,"1235018, 1235019, 1235013"
793370612,характеристика: doria,36,"34776301, 34776323, 37977053"
793370612,характеристика: dec-smart,36,"34776301, 34776323, 37977053"
793370612,характеристика: coolmax,36,"34776301, 34776323, 37977053"
793370612,характеристика: кожа,36,"34776301, 34776323, 37977053"
793370612,характеристика: белый,36,"34776301, 34776323, 37977053"
793370612,Тип: а сабо нордман шарк с эва белые р.,36,"34776301, 34776323, 37977053"
793370612,характеристика: mug,36,"34776301, 34776323, 37977053"
793370612,характеристика: oxyfoam,36,"34776301, 34776323, 37977053"
793370612,Цвет: белый верх обуви,36,"34776301, 34776323, 37977053"
793370612,Цвет: белый с серым принто,36,"34776301, 34776323, 37977053"
793370612,характеристика: резина,36,"34776301, 34776323, 37977053"
793370612,Цвет: синий подошва,36,"34776301, 34776323, 37977053"
793370612,Материал: верха обуви,36,"34776301, 34776323, 37977053"
793370612,Вид: ы обуви с верхом из резины или пластмасс,36,"34776301, 34776323, 37977053"
793370612,Цвет: белый размер,36,"34776301, 34776323, 37977053"
793370618,характеристика: кожа,46,"36221211, 24285690, 35110222"
793370618,Материал: верха,46,"36221211, 24285690, 35110222"
793370618,Вид: ы обуви с верхом из кожи обувь зимняя,46,"36221211, 24285690, 35110222"
793370618,характеристика: резина,46,"36221211, 24285690, 35110222"
793370618,Материал: подошвы,46,"36221211, 24285690, 35110222"
793370618,Материал: подноска,46,"36221211, 24285690, 35110222"
793370618,характеристика: 27 см,46,"36221211, 24285690, 35110222"
793370618,характеристика: черный,46,"36221211, 24285690, 35110222"
793370618,Вид: обуви сапоги литьевые высота голенища,46,"36221211, 24285690, 35110222"
793370618,Нет: наличие отделки из световозвра,46,"36221211, 24285690, 35110222"
793370618,Вид: продукции товары виды обуви обувь,46,"36221211, 24285690, 35110222"
793370618,Назначение: для тяжелых работ в различных отраслях п,46,"36221211, 24285690, 35110222"
793370618,характеристика: oksana,46,"36221211, 24285690, 35110222"
793370618,Материал: языка ботинка и внешней подкла,46,"36221211, 24285690, 35110222"
793370618,Вид: застежки шнурки материал верха нат,46,"36221211, 24285690, 35110222"
793370620,характеристика: кожа,66,"34293394, 24249399, 35382510"
793370620,Материал: верха,66,"34293394, 24249399, 35382510"
793370620,характеристика: apt,66,"34293394, 24249399, 35382510"
793370620,характеристика: plate,66,"34293394, 24249399, 35382510"
793370620,характеристика: perforation,66,"34293394, 24249399, 35382510"
793370620,характеристика: artico,66,"34293394, 24249399, 35382510"
793370620,характеристика: zero,66,"34293394, 24249399, 35382510"
793370620,характеристика: черный,66,"34293394, 24249399, 35382510"
793370620,Назначение: полотно текстильное воздухопроницаемое п,66,"34293394, 24249399, 35382510"
793370620,Цвет: черный модель,66,"34293394, 24249399, 35382510"
793370620,Назначение: для работы в нефтегазовой энергетической,66,"34293394, 24249399, 35382510"
793370620,характеристика: retor,66,"34293394, 24249399, 35382510"
793370620,характеристика: iso,66,"34293394, 24249399, 35382510"
793370620,Цвет: черный верх обуви,66,"34293394, 24249399, 35382510"
793370620,Размер: 43,66,"34293394, 24249399, 35382510"
793370622,характеристика: ripstop,23,"34138840, 34138966, 16220060"
793370622,Материал: верха,23,"34138840, 34138966, 16220060"
793370622,Вид: е галоши из эва этиленвинилацетата пол,23,"34138840, 34138966, 16220060"
793370622,характеристика: oxford,23,"34138840, 34138966, 16220060"
793370622,Цвет: черный отделка,23,"34138840, 34138966, 16220060"
793370622,Вид: ы обуви с верхом из кожи обувь осенне,23,"34138840, 34138966, 16220060"
793370622,Цвет: черный модель,23,"34138840, 34138966, 16220060"
793370622,характеристика: черный,23,"34138840, 34138966, 16220060"
793370622,Вид: товаров обувь виды обуви обувь с в,23,"34138840, 34138966, 16220060"
793370622,характеристика: кожа,23,"34138840, 34138966, 16220060"
793370622,Цвет: черный вид товаров,23,"34138840, 34138966, 16220060"
793370622,характеристика: шерсть,23,"34138840, 34138966, 16220060"
793370622,характеристика: .45 а,23,"34138840, 34138966, 16220060"
793370622,Материал: кожа натуральная метод креплен,23,"34138840, 34138966, 16220060"
793370622,Размер: 45,23,"34138840, 34138966, 16220060"
793370624,характеристика: кожа,160,"34850514, 34827002, 34825059"
793370624,Материал: верха,160,"34850514, 34827002, 34825059"
793370624,Материал: подошвы,160,"34850514, 34827002, 34825059"
793370624,Материал: верха обуви,160,"34850514, 34827002, 34825059"
793370624,характеристика: белый,160,"34850514, 34827002, 34825059"
793370624,Цвет: черный,160,"34850514, 34827002, 34825059"
793370624,характеристика: пвх,160,"34850514, 34827002, 34825059"
793370624,Тип: а сабо леон медикал цв. белый,160,"34850514, 34827002, 34825059"
793370624,Цвет: белый метод креплени,160,"34850514, 34827002, 34825059"
793370624,характеристика: . м,160,"34850514, 34827002, 34825059"
793370624,Вид: ы обуви обувь с верхом из кожи виды о,160,"34850514, 34827002, 34825059"
793370624,Тип: а сабо мужские кожаные михаил белые,160,"34850514, 34827002, 34825059"
793370624,Цвет: черный полнота,160,"34850514, 34827002, 34825059"
793370624,Цвет: белый подошва,160,"34850514, 34827002, 34825059"
793370624,Размер: 39,160,"34850514, 34827002, 34825059"
793372516,Вид: ы приспособлений для хранения и переноск,5,"36578054, 36586441, 36586511"
793372516,Вид: ы инструмента и оборудования инструмента,5,"36578054, 36586441, 36586511"
793372516,Вид: ы товаров строительных инструмент и о,5,"36578054, 36586441, 36586511"
793372516,Вид: товаров товары для ремонта или строит,5,"36578054, 36586441, 36586511"
793372516,Материал: кожа,5,"36578054, 36586441, 36586511"
793372516,Цвет: черный вид товаров,5,"36578054, 36586441, 36586511"
793372516,характеристика: кожа,5,"36578054, 36586441, 36586511"
793372516,характеристика: 3 мм,5,"36578054, 36586441, 36586511"
793372516,Назначение: конструкция крепежа для молотка позволяе,5,"36578054, 36586441, 36586511"
793372516,Назначение: сумка малая односекционная для саморезов,5,"36578054, 36586441, 36586511"
793372516,Назначение: позволяет переносить основной инструмент,5,"36578054, 36586441, 36586511"
793372516,Вид: сумка назначение чехол для аккумулято,5,"36578054, 36586441, 36586511"
793372516,характеристика: черный,5,"36578054, 36586441, 36586511"
793372516,Цвет: черный материал,5,"36578054, 36586441, 36586511"
793372516,Материал: изделия,5,"36578054, 36586441, 36586511"
793373080,Вид: покрытия тыльная и ладонная части пер,11,"19332837, 37435900, 19335918"
793373080,Назначение: защита от пониженных температур. могут и,11,"19332837, 37435900, 19335918"
793373080,характеристика: 3м,11,"19332837, 37435900, 19335918"
793373080,Размер: 27,11,"19332837, 37435900, 19335918"
793373080,Материал: изготовлены из вязаного трикот,11,"19332837, 37435900, 19335918"
793373080,Материал: натуральная кожа козленка мате,11,"19332837, 37435900, 19335918"
793373080,Цвет: черный модель,11,"19332837, 37435900, 19335918"
793373080,Материал: подкладки,11,"19332837, 37435900, 19335918"
793373080,характеристика: шерсть,11,"19332837, 37435900, 19335918"
793373080,характеристика: кожа,11,"19332837, 37435900, 19335918"
793373080,характеристика: черный,11,"19332837, 37435900, 19335918"
793373080,Материал: натуральная кожа цвет,11,"19332837, 37435900, 19335918"
793373080,Цвет: черный сезон,11,"19332837, 37435900, 19335918"
793373080,Материал: вязаный трикотаж,11,"19332837, 37435900, 19335918"
793373080,Вид: перчатки мариал основы эластичная вяз,11,"19332837, 37435900, 19335918"
793375044,Материал: ов для защиты от механических,121,"37877653, 37877662, 37786776"
793375044,Вид: ы обуви обувь специальная виды обуви,121,"37877653, 37877662, 37786776"
793375044,характеристика: 3 мм,121,"37877653, 37877662, 37786776"
793375044,Материал: а р,121,"37877653, 37877662, 37786776"
793375044,характеристика: 8 см,121,"37877653, 37877662, 37786776"
793375044,характеристика: modulo,121,"37877653, 37877662, 37786776"
793375044,характеристика: den,121,"37877653, 37877662, 37786776"
793375044,характеристика: oxford,121,"37877653, 37877662, 37786776"
793375044,Цвет: белый метод креплени,121,"37877653, 37877662, 37786776"
793375044,Вид: застежки шнурки вид подноска компо,121,"37877653, 37877662, 37786776"
793375044,характеристика: пвх,121,"37877653, 37877662, 37786776"
793375044,характеристика: mid,121,"37877653, 37877662, 37786776"
793375044,Тип: системы шнурования шнурки цвет чер,121,"37877653, 37877662, 37786776"
793375044,характеристика: s3s,121,"37877653, 37877662, 37786776"
793375044,Материал: вид размера,121,"37877653, 37877662, 37786776"
793375102,Изготовлен: ия,8,"37254672, 38107600, 34533330"
793375102,Тип: застила татами сатин модель шеврон,8,"37254672, 38107600, 34533330"
793375102,Вид: аксессуара шеврон материал шеврона,8,"37254672, 38107600, 34533330"
793375102,Материал: шеврона,8,"37254672, 38107600, 34533330"
793375102,характеристика: 67,8,"37254672, 38107600, 34533330"
793375102,Цвет: вышивки,8,"37254672, 38107600, 34533330"
793375102,Материал: ниток,8,"37254672, 38107600, 34533330"
793375102,Размер: 4 5,8,"37254672, 38107600, 34533330"
793375102,характеристика: 83 мм,8,"37254672, 38107600, 34533330"
793375102,Назначение: знака различия наплечный ширина 67,8,"37254672, 38107600, 34533330"
793375102,Цвет: овая гамма шеврона,8,"37254672, 38107600, 34533330"
793375102,Вид: знака различия герб вид товара шев,8,"37254672, 38107600, 34533330"
793375102,Материал: сукно красное назначение знака,8,"37254672, 38107600, 34533330"
793375102,Вид: товаров галантерейные товары виды тов,8,"37254672, 38107600, 34533330"
793375102,Тип: застила татами сатин вид продукции,8,"37254672, 38107600, 34533330"
793382390,характеристика: touchntuff,7,"38105946, 38301256, 34880056"
793382390,характеристика: jsn9,7,"38105946, 38301256, 34880056"
793382390,характеристика: ansell,7,"38105946, 38301256, 34880056"
793382390,Цвет: черный вид товара,7,"38105946, 38301256, 34880056"
793382390,Вид: товара перчатки материал нитрил ра,7,"38105946, 38301256, 34880056"
793382390,Материал: нитрил размер,7,"38105946, 38301256, 34880056"
793382390,Размер: 7 5-8,7,"38105946, 38301256, 34880056"
793382390,характеристика: . м,7,"38105946, 38301256, 34880056"
793382390,характеристика: 7 в,7,"38105946, 38301256, 34880056"
793382390,характеристика: 7 м,7,"38105946, 38301256, 34880056"
793382390,характеристика: черный,7,"38105946, 38301256, 34880056"
793382485,Материал: ы вид товаров,7,"38778589, 18667999, 37746737"
793382485,Вид: медицинские расходные материалы текст,7,"38778589, 18667999, 37746737"
793382485,Вид: товары медицинские медицинские расход,7,"38778589, 18667999, 37746737"
793382485,Вид: текстиль и полимерные изделия медицински,7,"38778589, 18667999, 37746737"
793382485,характеристика: текстиль,7,"38778589, 18667999, 37746737"
793382485,характеристика: 62 а,7,"38778589, 18667999, 37746737"
793382485,характеристика: белый,7,"38778589, 18667999, 37746737"
793382485,Размер: 54-62,7,"38778589, 18667999, 37746737"
793382485,Цвет: белый с принтом разм,7,"38778589, 18667999, 37746737"
793382485,Назначение: для персонала медицинских учреждений осо,7,"38778589, 18667999, 37746737"
793382485,Цвет: кобальтовый вид текс,7,"38778589, 18667999, 37746737"
793382485,Наличие: резинки в затылочной части,7,"38778589, 18667999, 37746737"
793382485,Цвет: белый дополнительно,7,"38778589, 18667999, 37746737"
793382485,Диаметр: 48 мм,7,"38778589, 18667999, 37746737"
793382485,Цвет: белый модель,7,"38778589, 18667999, 37746737"
793382492,характеристика: белый,120,"23997056, 34769067, 34692081"
793382492,характеристика: хлопок,120,"23997056, 34769067, 34692081"
793382492,Цвет: белый модель,120,"23997056, 34769067, 34692081"
793382492,характеристика: .м,120,"23997056, 34769067, 34692081"
793382492,Цвет: белый отделка,120,"23997056, 34769067, 34692081"
793382492,Назначение: защита от общепроизводственных загрязнен,120,"23997056, 34769067, 34692081"
793382492,характеристика: 2,120,"23997056, 34769067, 34692081"
793382492,характеристика: crf,120,"23997056, 34769067, 34692081"
793382492,характеристика: tencel,120,"23997056, 34769067, 34692081"
793382492,Материал: ы вид товаров,120,"23997056, 34769067, 34692081"
793382492,Вид: медицинские расходные материалы текст,120,"23997056, 34769067, 34692081"
793382492,Вид: товары медицинские медицинские расход,120,"23997056, 34769067, 34692081"
793382492,Вид: текстиль и полимерные изделия медицински,120,"23997056, 34769067, 34692081"
793382492,Цвет: морская волна модель,120,"23997056, 34769067, 34692081"
793382492,характеристика: 35 в,120,"23997056, 34769067, 34692081"
793382493,характеристика: текстиль,375,"24131911, 23037192, 34331652"
793382493,характеристика: .м,375,"24131911, 23037192, 34331652"
793382493,Цвет: синий модель,375,"24131911, 23037192, 34331652"
793382493,характеристика: 35 в,375,"24131911, 23037192, 34331652"
793382493,характеристика: crf,375,"24131911, 23037192, 34331652"
793382493,Назначение: для защиты от общих производственных заг,375,"24131911, 23037192, 34331652"
793382493,характеристика: белый,375,"24131911, 23037192, 34331652"
793382493,Цвет: белый отделка,375,"24131911, 23037192, 34331652"
793382493,характеристика: хлопок,375,"24131911, 23037192, 34331652"
793382493,характеристика: синий,375,"24131911, 23037192, 34331652"
793382493,Цвет: бирюзовый модель,375,"24131911, 23037192, 34331652"
793382493,характеристика: розовый,375,"24131911, 23037192, 34331652"
793382493,Цвет: комбинация белого св,375,"24131911, 23037192, 34331652"
793382493,Цвет: а лайма модель,375,"24131911, 23037192, 34331652"
793382493,Цвет: васильковый производ,375,"24131911, 23037192, 34331652"
793410076,характеристика: 5 г,11,"1395715, 35699416, 38865035"
793410076,характеристика: unix,11,"1395715, 35699416, 38865035"
793410076,характеристика: mfa,11,"1395715, 35699416, 38865035"
793410076,Страна: происхождения рос,11,"1395715, 35699416, 38865035"
793410076,характеристика: турция,11,"1395715, 35699416, 38865035"
793410076,Вид: уальной защиты органов дыхания вид товар,11,"1395715, 35699416, 38865035"
793410076,Вид: уальной защиты органов дыхания гарантийн,11,"1395715, 35699416, 38865035"
793410076,Назначение: обеспечивает защиту при объемном содержа,11,"1395715, 35699416, 38865035"
793410076,Вид: товара сменный фильтр. назначение,11,"1395715, 35699416, 38865035"
793410076,Артикул: 7884,11,"1395715, 35699416, 38865035"
793410076,характеристика: 7884 м,11,"1395715, 35699416, 38865035"
793410076,Вид: уальной защиты органов дыхания назначени,11,"1395715, 35699416, 38865035"
793410076,Назначение: для крепления сменных противоаэрозольных,11,"1395715, 35699416, 38865035"
793410076,Тип: защиты противоаэрозольную защиту и ув,11,"1395715, 35699416, 38865035"
793410076,Вид: уальной защиты органов дыхания вес фильт,11,"1395715, 35699416, 38865035"
793410700,Материал: а верха г м,5,"38323596, 38323593, 38282920"
793410700,Цвет: темно-синяя модель,5,"38323596, 38323593, 38282920"
793410700,характеристика: хлопок,5,"38323596, 38323593, 38282920"
793410700,Цвет: темно-синяя воротник,5,"38323596, 38323593, 38282920"
793410700,Размер: 92,5,"38323596, 38323593, 38282920"
793412180,Вид: ах транспорта и в метро. срок службы,6,"35090684, 37132855, 24231463"
793412180,Вид: ах транспорта и в метро. срок хранения,6,"35090684, 37132855, 24231463"
793412180,Вид: уальной защиты органов дыхания и зрения,6,"35090684, 37132855, 24231463"
793412180,Вид: изолирующего самоспасателя по назначению,6,"35090684, 37132855, 24231463"
793412180,характеристика: . в,6,"35090684, 37132855, 24231463"
793412180,характеристика: . м,6,"35090684, 37132855, 24231463"
793412180,характеристика: россия,6,"35090684, 37132855, 24231463"
793413026,Назначение: для использования в косметологии и клини,9,"23151595, 1440209, 35853961"
793413026,Тип: рабочей поверхности гладкие толщина,9,"23151595, 1440209, 35853961"
793413026,Вид: упаковки упаковка-диспенсер длина пер,9,"23151595, 1440209, 35853961"
793413026,Вид: средства перчатки длина перчатки 3,9,"23151595, 1440209, 35853961"
793413026,Цвет: прозрачный модель,9,"23151595, 1440209, 35853961"
793413026,Материал: внешнего покрытия,9,"23151595, 1440209, 35853961"
793413026,Размер: 7-8 5,9,"23151595, 1440209, 35853961"
793413026,характеристика: versatouch,9,"23151595, 1440209, 35853961"
793413026,Материал: основы,9,"23151595, 1440209, 35853961"
793413026,характеристика: m-l,9,"23151595, 1440209, 35853961"
793413026,Вид: материала полиэтилен длина перчатки,9,"23151595, 1440209, 35853961"
793413026,Цвет: прозрачный страна пр,9,"23151595, 1440209, 35853961"
793413026,характеристика: 68 м,9,"23151595, 1440209, 35853961"
793413026,характеристика: bi-colour,9,"23151595, 1440209, 35853961"
793413026,Вид: работ подходят для сборочных работ в,9,"23151595, 1440209, 35853961"
793413032,Материал: покрытия,12,"1409127, 19979083, 36076282"
793413032,Материал: основы,12,"1409127, 19979083, 36076282"
793413032,Размер: 9 м,12,"1409127, 19979083, 36076282"
793413032,характеристика: хлопок,12,"1409127, 19979083, 36076282"
793413032,характеристика: пвх,12,"1409127, 19979083, 36076282"
793413032,Назначение: для защиты рук от механических воздейств,12,"1409127, 19979083, 36076282"
793413032,характеристика: 9 м,12,"1409127, 19979083, 36076282"
793413032,Цвет: основной-бежевый отд,12,"1409127, 19979083, 36076282"
793413032,Вид: покрытия точечное вид средства пер,12,"1409127, 19979083, 36076282"
793413032,характеристика: .9 а,12,"1409127, 19979083, 36076282"
793413032,Цвет: белый модель,12,"1409127, 19979083, 36076282"
793413032,Назначение: для работы с сухими предметами размер,12,"1409127, 19979083, 36076282"
793413032,Вид: защиты от механических воздействий ма,12,"1409127, 19979083, 36076282"
793413032,характеристика: голубой,12,"1409127, 19979083, 36076282"
793413032,Вес: 47 г,12,"1409127, 19979083, 36076282"
